id,taxid,superkingdom,organism,title,valid
NC_023609,1458846,Viruses,Mycobacterium phage RhynO,"Mycobacterium phage RhynO, complete genome",True
MH338241,2234079,Viruses,Mycobacterium phage Tarynearal,"Mycobacterium phage Tarynearal, complete genome",True
MG839016,2079578,Viruses,Microbacterium phage AxiPup,"Microbacterium phage AxiPup, complete genome",True
MG962373,2094138,Viruses,Mycobacterium phage Morrow,"Mycobacterium phage Morrow, complete genome",True
MF668268,2027891,Viruses,Mycobacterium phage Aroostook,"Mycobacterium phage Aroostook, complete genome",True
NC_028775,1505027,Viruses,Staphylococcus phage 23MRA,"Staphylococcus phage 23MRA, complete genome",True
NC_028767,1636261,Viruses,Paenibacillus phage Vegas,"Paenibacillus phage Vegas, complete genome",True
NC_028932,1701853,Viruses,Mycobacterium phage Serenity,"Mycobacterium phage Serenity, complete genome",True
NC_028869,1698710,Viruses,Mycobacterium phage HyRo,"Mycobacterium phage HyRo, complete genome",True
NC_031003,1654781,Viruses,Propionibacterium phage Moyashi,"Propionibacterium phage Moyashi, complete genome",True
KT373978,1701847,Viruses,Mycobacterium phage Ukulele,"Mycobacterium phage Ukulele, complete genome",True
MH779515,2315545,Viruses,Mycobacterium phage Sweets,"Mycobacterium phage Sweets, complete genome",True
NC_001335,31757,Viruses,Fromanvirus L5,Mycobacterium phage L5 complete genome,True
KR337647,1655021,Viruses,Propionibacterium phage Solid,"Propionibacterium phage Solid, complete genome",True
NC_004112,51369,Viruses,Lactobacillus phage A2,"Lactobacillus phage A2, complete genome",True
KU160658,1772309,Viruses,Arthrobacter phage Muttlie,"Arthrobacter phage Muttlie, complete genome",True
MH834610,2419955,Viruses,Arthrobacter phage DrManhattan,"Arthrobacter phage DrManhattan, complete genome",True
KX522943,1873895,Viruses,Mycobacterium phage Gompeii16,"Mycobacterium phage Gompeii16, complete genome",True
MK112556,2488980,Viruses,Mycobacterium phage Zerg,"Mycobacterium phage Zerg, complete genome",True
MK359357,2502453,Viruses,Mycobacterium phage RomaT,"Mycobacterium phage RomaT, complete genome",True
MH371114,2250356,Viruses,Mycobacterium phage Childish,"Mycobacterium phage Childish, complete genome",True
MF668270,2027893,Viruses,Mycobacterium phage Emma,"Mycobacterium phage Emma, complete genome",True
MH271303,2201436,Viruses,Microbacterium phage MementoMori,"Microbacterium phage MementoMori, complete genome",True
MG925355,2099641,Viruses,Mycobacterium phage OlanP,"Mycobacterium phage OlanP, complete genome",True
JN020141,1036615,Viruses,Mycobacterium phage Shauna1,"Mycobacterium phage Shauna1, complete genome",True
MF773750,2040289,Viruses,Mycobacterium phage OKCentral2016,"Mycobacterium phage OKCentral2016, complete genome",True
NC_002667,151536,Viruses,Lactococcus phage bIL286,"Lactococcus prophage bIL286, complete genome",True
NC_031260,1647400,Viruses,Enterococcus phage Ec-ZZ2,"Enterococcus phage Ec-ZZ2, complete genome",True
NC_030919,1810705,Viruses,Salmonella phage 118970_sal4,"Salmonella phage 118970_sal4, complete genome",True
NC_023746,2922991,Viruses,Mycobacterium phage GUmbie,"Mycobacterium phage GUmbie, complete genome",True
NC_023707,1071504,Viruses,Mycobacterium phage Turbido,"Mycobacterium phage Turbido, complete genome",True
MH153805,2182355,Viruses,Microbacterium phage Martin,"Microbacterium phage Martin, complete genome",True
NC_015209,2785247,Viruses,Vibrio phage CTXphi,"Vibrio phage CTXphi, complete genome",True
NC_010807,529929,Viruses,Salmonella phage phiSG-JL2,"Salmonella phage phiSG-JL2, complete genome",True
NC_021301,1327777,Viruses,Mycobacterium phage SiSi,"Mycobacterium phage SiSi, complete genome",True
KR781349,1673886,Viruses,Mycobacterium phage Apizium,"Mycobacterium phage Apizium, complete genome",True
NC_014461,2919553,Viruses,Mycobacterium phage LeBron,"Mycobacterium phage LeBron, complete genome",True
KX574454,1897542,Viruses,Mycobacterium phage PacerPaul,"Mycobacterium phage PacerPaul, complete genome",True
NC_021533,1262532,Viruses,Mycobacterium phage BTCU-1,"Mycobacterium phage BTCU-1, complete genome",True
NC_019506,1042122,Viruses,Clostridium phage phiCP13O,"Clostridium phage phiCP13O, complete genome",True
NC_021540,1283071,Viruses,Vibrio phage JA-1,"Vibrio phage JA-1, complete genome",True
NC_019927,984186,Viruses,Cronobacter phage ENT47670,"Cronobacter phage ENT47670, complete genome",True
MF919519,2041540,Viruses,Mycobacterium phage Longacauda,"Mycobacterium phage Longacauda, complete genome",True
NC_013645,2919544,Viruses,Streptococcus phage Abc2,"Streptococcus phage Abc2, complete genome",True
NC_010393,129862,Viruses,Phage Gifsy-2,"Phage Gifsy-2, complete genome",True
NC_031065,1815631,Viruses,Salmonella phage vB_SnwM_CGG4-1,"Salmonella phage vB_SnwM_CGG4-1, complete genome",True
MH155871,2182398,Viruses,Mycobacterium phage Mattes,"Mycobacterium phage Mattes, complete genome",True
MH271305,2201429,Viruses,Gordonia phage Morrissey,"Gordonia phage Morrissey, complete genome",True
MH910037,2419610,Viruses,Arthrobacter phage Isolde,"Arthrobacter phage Isolde, complete genome",True
MK392364,2510526,Viruses,Streptomyces phage Nishikigoi,"Streptomyces phage Nishikigoi, complete genome",True
NC_021319,1273747,Viruses,Haloarcula californiae tailed virus 2,"Halovirus HCTV-2, complete genome",True
MK310144,2500799,Viruses,Mycobacterium phage CicholasNage,"Mycobacterium phage CicholasNage, complete genome",True
MH976514,2483672,Viruses,Gordonia phage Nordenberg,"Gordonia phage Nordenberg, complete genome",True
KT285706,1698417,Viruses,Mycobacterium phage Pioneer,"Mycobacterium phage Pioneer, complete genome",True
JN083853,1041808,Viruses,Mycobacterium phage Airmid,"Mycobacterium phage Airmid, complete genome",True
MH590599,2283303,Viruses,Streptomyces phage Karimac,"Streptomyces phage Karimac, complete genome",True
MH051265,2126806,Viruses,Mycobacterium phage Yahalom,"Mycobacterium phage Yahalom, complete genome",True
NC_030909,1777064,Viruses,Pseudomonas phage YMC11/07/P54_PAE_BP,"Pseudomonas phage YMC11/07/P54_PAE_BP, complete genome",True
MK112528,2488952,Viruses,Arthrobacter phage Beethoven,"Arthrobacter phage Beethoven, complete genome",True
MK061412,2488789,Viruses,Streptomyces phage Gilson,"Streptomyces phage Gilson, complete genome",True
KU867907,1818107,Viruses,Mycobacterium phage Potter,"Mycobacterium phage Potter, complete genome",True
KX522650,1873902,Viruses,Arthrobacter phage Conboy,"Arthrobacter phage Conboy, complete genome",True
NC_027390,1560284,Viruses,Proteus phage PM 93,"Proteus phage PM 93, complete genome",True
NC_011292,563121,Viruses,Mycobacterium phage Konstantine,"Mycobacterium phage Konstantine, complete genome",True
NC_001629,2898540,Viruses,Lactococcus phage bIL67,"Lactococcus phage bIL67, complete genome",True
NC_031120,1883379,Viruses,Erwinia phage vB_EamM_Caitlin,"Erwinia phage vB_EamM_Caitlin, complete genome",True
JX411619,2927991,Viruses,Mycobacterium phage Rebeuca,"Mycobacterium phage Rebeuca, complete genome",True
NC_019913,685892,Viruses,Pseudomonas phage PaP1,"Pseudomonas phage PaP1, complete genome",True
NC_023605,1461743,Viruses,Vibrio phage PVA1,"Vibrio phage PVA1, complete genome",True
JX649096,1235694,Viruses,Mycobacterium phage Serpentine,"Mycobacterium phage Serpentine, complete genome",True
MH576974,2283259,Viruses,Mycobacterium phage Sibs6,"Mycobacterium phage Sibs6, complete genome",True
MH230874,2178918,Viruses,Mycobacterium phage Banjo,"Mycobacterium phage Banjo, complete genome",True
MK279894,2499069,Viruses,Mycobacterium phage YouGoGlencoco,"Mycobacterium phage YouGoGlencoco, complete genome",True
GQ303264,663558,Viruses,Mycobacterium phage Puhltonio,"Mycobacterium phage Puhltonio, complete genome",True
NC_030953,1863008,Viruses,Shigella phage SHFML-11,"Shigella phage SHFML-11, complete genome",True
NC_009334,12509,Viruses,Human herpesvirus 4 type 2,"Human herpesvirus 4, complete genome",True
NC_027362,1500816,Viruses,Propionibacterium phage PHL116M00,"Propionibacterium phage PHL116M00, complete genome",True
MK112554,2488978,Viruses,Mycobacterium phage TinyTim,"Mycobacterium phage TinyTim, complete genome",True
NC_027394,1540093,Viruses,Bacillus phage Pookie,"Bacillus phage Pookie, complete genome",True
NC_021329,1273752,Viruses,Halorubrum tailed virus 4,"Halovirus HRTV-4, complete genome",True
MH155869,2182396,Viruses,Streptomyces phage HotFries,"Streptomyces phage HotFries, complete genome",True
KY385384,1933771,Viruses,Mycobacterium phage SimranZ1,"Mycobacterium phage SimranZ1, complete genome",True
MF140435,2015891,Viruses,Mycobacterium phage Wintermute,"Mycobacterium phage Wintermute, complete genome",True
MG925351,2099635,Viruses,Mycobacterium phage MPlant7149,"Mycobacterium phage MPlant7149, complete genome",True
NC_031051,1871692,Viruses,Enterococcus phage SANTOR1,"Enterococcus phage SANTOR1, complete genome",True
NC_030913,1838083,Viruses,Gordonia phage Wizard,"Gordonia phage Wizard, complete genome",True
MK524518,2530150,Viruses,Mycobacterium phage Smurph,"Mycobacterium phage Smurph, complete genome",True
NC_028819,1636200,Viruses,Pseudoalteromonas phage H103,"Pseudoalteromonas Phage H103, complete genome",True
NC_027627,1655021,Viruses,Propionibacterium phage Solid,"Propionibacterium phage Solid, complete genome",True
MH450121,2250413,Viruses,Arthrobacter phage KingBob,"Arthrobacter phage KingBob, complete genome",True
MK112526,2488951,Viruses,Arthrobacter phage Aledel,"Arthrobacter phage Aledel, complete genome",True
MG198777,2047869,Viruses,Corynebacterium phage Darwin,"Corynebacterium phage Darwin, complete genome",True
JN572061,1076631,Viruses,Mycobacterium phage Jebeks,"Mycobacterium phage Jebeks, complete genome",True
NC_023695,1086800,Viruses,Mycobacterium phage Violet,"Mycobacterium phage Violet, complete genome",True
MK524524,2530160,Viruses,Streptomyces phage Caelum,"Streptomyces phage Caelum, complete genome",True
NC_004587,198541,Viruses,Streptococcus phage 315.4,"Streptococcus prophage 315.4, complete genome",True
KU865303,1815609,Viruses,Mycobacterium phage TeardropMSU,"Mycobacterium phage TeardropMSU, complete genome",True
MG770214,2079281,Viruses,Gordonia phage SteveFrench,"Gordonia phage SteveFrench, complete genome",True
NC_028681,1675554,Viruses,Mycobacterium phage Pops,"Mycobacterium phage Pops, complete genome",True
NC_009993,480808,Viruses,Mycobacterium phage Giles,"Mycobacterium phage Giles, complete genome",True
NC_031939,1857100,Viruses,Salmonella phage BPS15Q2,"Salmonella phage BPS15Q2, complete genome",True
MK359340,2502446,Viruses,Mycobacterium phage Phontbonne,"Mycobacterium phage Phontbonne, complete genome",True
MK433269,2510517,Viruses,Streptomyces phage Madamato,"Streptomyces phage Madamato, complete genome",True
NC_023720,2922996,Viruses,Mycobacterium phage Perseus,"Mycobacterium phage Perseus, complete genome",True
MG198776,2047868,Viruses,Corynebacterium phage C3PO,"Corynebacterium phage C3PO, complete genome",True
NC_001270,93224,Viruses,Spiroplasma phage SVTS2,"Spiroplasma phage SVTS2, complete genome",True
NC_010153,346883,Viruses,Betalipothrixvirus pezzuloense,"Acidianus filamentous virus 7, complete genome",True
NC_005342,2883945,Viruses,Burkholderia phage Bcep43,"Burkholderia phage Bcep43, complete genome",True
MG812495,2079571,Viruses,Mycobacterium phage Pippin,"Mycobacterium phage Pippin, complete genome",True
MK359339,2502466,Viruses,Mycobacterium phage Naija,"Mycobacterium phage Naija, complete genome",True
NC_010808,2993859,Viruses,Staphylococcus phage phiMR25,"Staphylococcus phage phiMR25 DNA, complete genome",True
JF704107,2920883,Viruses,Mycobacterium phage George,"Mycobacterium phage George, complete genome",True
NC_028937,1673889,Viruses,Mycobacterium phage Ovechkin,"Mycobacterium phage Ovechkin, complete genome",True
NC_031016,1815955,Viruses,Lactococcus phage PLgT-1,"Lactococcus phage PLgT-1, complete genome",True
MK359299,2502417,Viruses,Mycobacterium phage Petp2012,"Mycobacterium phage Petp2012, complete genome",True
MH371110,2250361,Viruses,Mycobacterium phage Magnar,"Mycobacterium phage Magnar, complete genome",True
NC_027292,1562076,Viruses,Pseudomonas phage Pf-10,"Pseudomonas phage Pf-10, complete genome",True
MK433261,2510507,Viruses,Gordonia phage Msay19,"Gordonia phage Msay19, complete genome",True
NC_011373,504346,Viruses,Pseudomonas phage PAJU2,"Pseudomonas phage PAJU2, complete genome",True
NC_019540,1161935,Viruses,Salinivibrio phage CW02,"Salinivibrio phage CW02, complete genome",True
JN116824,1109714,Viruses,Rhodococcus phage REQ3,"Rhodococcus phage REQ3, complete genome",True
NC_028768,1589746,Viruses,Achromobacter phage JWX,"Achromobacter phage JWX, complete genome",True
KX443695,1874014,Viruses,Arthrobacter phage Courtney3,"Arthrobacter phage Courtney3, complete genome",True
KX620752,1897535,Viruses,Propionibacterium phage E1,"Propionibacterium phage E1, complete genome",True
NC_029059,1567468,Viruses,Mycobacterium phage Edtherson,"Mycobacterium phage Edtherson, complete genome",True
MH051246,2126944,Viruses,Mycobacterium phage ActinUp,"Mycobacterium phage ActinUp, complete genome",True
NC_019448,760530,Viruses,Staphylococcus phage G15,"Staphylococcus phage GH15, complete genome",True
NC_024385,1262517,Viruses,Leuconostoc phage phiLN12,"Leuconostoc phage phiLN12, complete genome",True
KF024722,2928684,Viruses,Mycobacterium phage TA17A,"Mycobacterium phage TA17A, complete genome",True
NC_022986,1327966,Viruses,Pseudomonas phage PAK_P4,"Pseudomonas phage PAK_P4, complete genome",True
NC_023550,1453367,Viruses,Staphylococcus phage GRCS,"Staphylococcus phage GRCS, complete genome",True
MF358542,2015806,Viruses,Streptomyces phage Sushi23,"Streptomyces phage Sushi23, complete genome",True
MF668272,2027895,Viruses,Mycobacterium phage Gideon,"Mycobacterium phage Gideon, complete genome",True
KY083063,1916115,Viruses,Mycobacterium phage Eris,"Mycobacterium phage Eris, complete genome",True
MH651176,2301696,Viruses,Gordonia phage Horus,"Gordonia phage Horus, complete genome",True
KU234099,1777060,Viruses,Mycobacterium phage MkaliMitinis3,"Mycobacterium phage MkaliMitinis3, complete genome",True
NC_005887,2883949,Viruses,Burkholderia phage BcepC6B,"Burkholderia phage BcepC6B, complete genome",True
NC_005893,279281,Viruses,Lactobacillus phage phiAT3,"Lactobacillus phage phiAT3, complete genome",True
MG009575,2041344,Viruses,Mycobacterium phage Kumao,"Mycobacterium phage Kumao, complete genome",True
NC_027335,1498168,Viruses,Enterococcus phage ECP3,"Enterococcus phage ECP3, complete genome",True
MK392368,2510522,Viruses,Arthrobacter phage Elesar,"Arthrobacter phage Elesar, complete genome",True
NC_027359,1500808,Viruses,Propionibacterium phage PHL082M00,"Propionibacterium phage PHL082M00, complete genome",True
MK359343,2502448,Viruses,Mycobacterium phage Pollywog,"Mycobacterium phage Pollywog, complete genome",True
NC_008721,413066,Viruses,Streptococcus phage SMP,"Streptococcus phage SMP, complete genome",True
MF668276,2027896,Viruses,Mycobacterium phage Lulumae,"Mycobacterium phage Lulumae, complete genome",True
NC_024363,1486403,Viruses,Mycobacterium phage Manad,"Mycobacterium phage Manad, complete genome",True
KY204244,1927023,Viruses,Mycobacterium phage BubbleTrouble,"Mycobacterium phage BubbleTrouble, complete genome",True
MH450113,2250419,Viruses,Mycobacterium phage BigMau,"Mycobacterium phage BigMau, complete genome",True
NC_031054,1873999,Viruses,Bacillus phage DirtyBetty,"Bacillus phage DirtyBetty, complete genome",True
NC_029047,1636271,Viruses,Verrucomicrobia phage P8625,"Verrucomicrobia phage P8625, complete genome",True
NC_030943,1838062,Viruses,Gordonia phage Blueberry,"Gordonia phage Blueberry, complete genome",True
NC_009551,2914005,Viruses,Phormidium phage Pf-WMP3,"Phormidium phage Pf-WMP3, complete genome",True
NC_031086,1698439,Viruses,Acinetobacter phage phiAB6,"Acinetobacter phage phiAB6, complete genome",True
NC_019450,757342,Viruses,Pseudomonas phage JG004,"Pseudomonas phage JG004, complete genome",True
KU160657,1772308,Viruses,Arthrobacter phage Moloch,"Arthrobacter phage Moloch, complete genome",True
NC_023709,1056833,Viruses,Mycobacterium phage Wile,"Mycobacterium phage Wile, complete genome",True
NC_023612,1458842,Viruses,Geobacillus phage GBK2,"Geobacillus phage GBK2, complete genome",True
MH825697,2315706,Viruses,Mycobacterium phage Bangla1971,"Mycobacterium phage Bangla1971, complete genome",True
MH020240,2126817,Viruses,Mycobacterium phage SuperAwesome,"Mycobacterium phage SuperAwesome, complete genome",True
MF185722,2015848,Viruses,Mycobacterium phage Peanam,"Mycobacterium phage Peanam, complete genome",True
NC_022336,1235645,Viruses,Propionibacterium phage PHL010M04,"Propionibacterium phage PHL010M04, complete genome",True
NC_024378,1262521,Viruses,Leuconostoc phage phiLNTR3,"Leuconostoc phage phiLNTR3, complete genome",True
NC_031031,1887652,Viruses,Gordonia phage Remus,"Gordonia phage Remus, complete genome",True
NC_028823,1551711,Viruses,Mycobacterium phage Bipolar,"Mycobacterium phage Bipolar, complete genome",True
NC_021794,1327983,Viruses,Cellulophaga phage phi18:3,"Cellulophaga phage phi18:3, complete genome",True
KX683875,1897448,Viruses,Mycobacterium phage Baehexic,"Mycobacterium phage Baehexic, complete genome",True
JF792674,1034124,Viruses,Mycobacterium phage Shaka,"Mycobacterium phage Shaka, complete genome",True
JX901189,1305710,Viruses,Mycobacterium phage FF47,"Mycobacterium phage vB_MapS_FF47, complete genome",True
JF937101,2922212,Viruses,Mycobacterium phage LittleE,"Mycobacterium phage LittleE, complete genome",True
KX550082,1897541,Viruses,Rhodococcus phage Natosaleda,"Rhodococcus phage Natosaleda, complete genome",True
NC_022340,1235656,Viruses,Propionibacterium phage PHL114L00,"Propionibacterium phage PHL114L00, complete genome",True
MK061408,2488784,Viruses,Mycobacterium phage Centaur,"Mycobacterium phage Centaur, complete genome",True
NC_022328,1354507,Viruses,Mycobacterium phage Adawi,"Mycobacterium phage Adawi, complete genome",True
KY676784,1965452,Viruses,Streptomyces phage ToastyFinz,"Streptomyces phage ToastyFinz, complete genome",True
NC_022751,434346,Viruses,Cyanophage PP,"Cyanophage PP, complete genome",True
NC_028697,1701850,Viruses,Streptococcus phage A25,"Streptococcus phage A25, complete genome",True
NC_028830,1739609,Viruses,Lactobacillus phage iA2,"Lactobacillus phage iA2, complete genome",True
KX443696,1874015,Viruses,Mycobacterium phage Laurie,"Mycobacterium phage Laurie, complete genome",True
MH697582,2301550,Viruses,Mycobacterium phage Ejimix,"Mycobacterium phage Ejimix, complete genome",True
KX557275,1887644,Viruses,Gordonia phage CarolAnn,"Gordonia phage CarolAnn, complete genome",True
MH077583,2163596,Viruses,Mycobacterium phage PGHhamlin,"Mycobacterium phage PGHhamlin, complete genome",True
JF704099,1034138,Viruses,Mycobacterium phage KLucky39,"Mycobacterium phage KLucky39, complete sequence",True
MG925347,2099626,Viruses,Microbacterium phage Lucky3,"Microbacterium phage Lucky3, complete genome",True
MK433262,2510511,Viruses,Mycobacterium phage Nimrod,"Mycobacterium phage Nimrod, complete genome",True
MG812486,2079563,Viruses,Mycobacterium phage Acme,"Mycobacterium phage Acme, complete genome",True
NC_009936,386793,Viruses,Pseudomonas phage LKA1,"Pseudomonas phage LKA1, complete genome",True
MK392367,2510523,Viruses,Mycobacterium phage BabeRuth,"Mycobacterium phage BabeRuth, complete genome",True
NC_009817,2913972,Viruses,Lactococcus phage KSY1,"Lactococcus phage KSY1, complete genome",True
MH153801,2182352,Viruses,Microbacterium phage Count,"Microbacterium phage Count, complete genome",True
NC_004456,207597,Viruses,Vibrio phage VHML,"Vibrio phage VHML, complete genome",True
NC_015296,2991283,Viruses,Salmonella phage Vi01,"Salmonella phage Vi01, complete genome",True
KT895280,1739966,Viruses,Mycobacterium phage Sparkdehlily,"Mycobacterium phage Sparkdehlily, complete genome",True
KT591490,1718600,Viruses,Mycobacterium phage Mufasa,"Mycobacterium phage Mufasa, complete genome",True
NC_028956,1572747,Viruses,Mannheimia phage vB_MhS_1152AP2,"Mannheimia phage vB_MhS_1152AP2, complete genome",True
MH825702,2315708,Viruses,Mycobacterium phage Hamish,"Mycobacterium phage Hamish, complete genome",True
NC_012093,593131,Viruses,Pseudomonas phage phi2954,"Pseudomonas phage phi2954 segment S, complete sequence",True
MF140425,2015866,Viruses,Arthrobacter phage PitaDog,"Arthrobacter phage PitaDog, complete genome",True
NC_011044,543152,Viruses,Mycobacterium phage Nigel,"Mycobacterium phage Nigel, complete genome",True
NC_017985,1127357,Viruses,Salmonella phage SPN9CC,"Salmonella phage SPN9CC, complete genome",True
NC_031024,1852564,Viruses,Bacillus phage Belinda,"Bacillus phage Belinda, complete genome",True
NC_028696,1647458,Viruses,Salmonella phage SEN22,"Salmonella phage SEN22, complete genome",True
MK112547,2488957,Viruses,Gordonia phage Maridalia,"Gordonia phage Maridalia, complete genome",True
MH536822,2250330,Viruses,Mycobacterium phage Joy99,"Mycobacterium phage Joy99, complete genome",True
NC_011551,340054,Viruses,Bacteriophage APSE-2,"Bacteriophage APSE-2, complete genome",True
NC_008364,382685,Viruses,Lactococcus phage Q54,"Lactococcus phage Q54, complete genome",True
MF373841,2015810,Viruses,Mycobacterium phage Hurricane,"Mycobacterium phage Hurricane, complete genome",True
MH399780,2250381,Viruses,Mycobacterium phage Mutante,"Mycobacterium phage Mutante, complete genome",True
NC_030910,1777072,Viruses,Pseudomonas phage K5,"Pseudomonas phage K5, complete genome",True
MH976515,2483673,Viruses,Gordonia phage Octobien14,"Gordonia phage Octobien14, complete genome",True
NC_014635,879628,Viruses,Aeromonas phage phiAS4,"Aeromonas phage phiAS4, complete genome",True
KJ567044,1486471,Viruses,Mycobacterium phage EmpTee,"Mycobacterium phage EmpTee, complete genome",True
KX576642,1897762,Viruses,Arthrobacter phage Massimo,"Arthrobacter phage Massimo, complete genome",True
MK376953,2507854,Viruses,Gordonia phage Rickmore,"Gordonia phage Rickmore, complete genome",True
MK279860,2499006,Viruses,Arthrobacter phage Lasagna,"Arthrobacter phage Lasagna, complete genome",True
NC_023724,2922990,Viruses,Mycobacterium phage Larva,"Mycobacterium phage Larva, complete genome",True
NC_024208,1476888,Viruses,Lactococcus phage P118,"Lactococcus phage P118, complete genome",True
NC_022744,1407608,Viruses,Erwinia phage FE44,"Erwinia phage FE44, complete genome",True
NC_028687,1755681,Viruses,Mycobacterium phage Iracema64,"Mycobacterium phage Iracema64, complete genome",True
MK450425,2510579,Viruses,Mycobacterium phage Shelob,"Mycobacterium phage Shelob, complete genome",True
MH779500,2315536,Viruses,Mycobacterium phage Crownjwl,"Mycobacterium phage Crownjwl, complete genome",True
MH576961,2283244,Viruses,Arthrobacter phage Ronnie,"Arthrobacter phage Ronnie, complete genome",True
KY213952,1927018,Viruses,Mycobacterium phage Petruchio,"Mycobacterium phage Petruchio, complete genome",True
KT716493,1718177,Viruses,Mycobacterium phage Caelakin,"Mycobacterium phage Caelakin, complete genome",True
NC_017971,1114179,Viruses,Pseudomonas phage tf,Pseudomonas phage tf complete genome,True
NC_025450,1542498,Viruses,Lelliottia phage phD2B,"Lelliottia phage phD2B, complete genome",True
NC_030923,1777063,Viruses,Pseudomonas phage YMC11/06/C171_PPU_BP,"Pseudomonas phage YMC11/06/C171_PPU_BP, complete genome",True
NC_024145,1463811,Viruses,Mycobacterium phage Hosp,"Mycobacterium phage Hosp, complete genome",True
KY087993,1920298,Viruses,Mycobacterium phage Hammy,"Mycobacterium phage Hammy, complete genome",True
MH590594,2283299,Viruses,Mycobacterium phage PinheadLarry,"Mycobacterium phage PinheadLarry, complete genome",True
KR080202,1647309,Viruses,Mycobacterium phage MOOREtheMARYer,"Mycobacterium phage MOOREtheMARYer, complete genome",True
KU761559,1815972,Viruses,Mycobacterium phage ArcherNM,"Mycobacterium phage ArcherNM, complete genome",True
NC_013694,2919546,Viruses,Mycobacterium phage Peaches,"Mycobacterium phage Peaches, complete genome",True
NC_028837,1636263,Viruses,Paenibacillus phage Xenia,"Paenibacillus phage Xenia, complete genome",True
NC_003327,181604,Viruses,Vibrio phage VSK,"Vibrio phage VSK, complete genome",True
MH153813,2182357,Viruses,Microbacterium phage Squash,"Microbacterium phage Squash, complete genome",True
NC_016659,445692,Viruses,Cyanophage NATL2A-133,"Cyanophage NATL2A-133, complete genome",True
MH399773,2250375,Viruses,Mycobacterium phage Craff,"Mycobacterium phage Craff, complete genome",True
KX592589,1897552,Viruses,Mycobacterium phage Iridoclysis,"Mycobacterium phage Iridoclysis, complete genome",True
NC_018841,1229786,Viruses,Propionibacterium phage P101A,"Propionibacterium phage P101A, complete genome",True
NC_030901,1838065,Viruses,Gordonia phage ClubL,"Gordonia phage ClubL, complete genome",True
NC_028906,1035485,Viruses,Mycobacterium phage Toto,"Mycobacterium phage Toto, complete genome",True
NC_025829,1551641,Viruses,Shigella phage pSs-1,"Shigella phage pSs-1, complete genome",True
NC_030945,1567487,Viruses,Bacillus phage BalMu-1,"Bacillus phage BalMu-1 copy 1, complete genome",True
NC_031108,1838138,Viruses,Propionibacterium phage PFR2,"Propionibacterium phage PFR2, complete genome",True
NC_022977,1391429,Viruses,Mycobacterium phage Artemis2UCLA,"Mycobacterium phage Artemis2UCLA, complete genome",True
NC_028876,1541824,Viruses,Mycobacterium phage Ariel,"Mycobacterium phage Ariel, complete genome",True
MH727558,2301617,Viruses,Mycobacterium phage Salacia,"Mycobacterium phage Salacia, complete genome",True
NC_020159,1262527,Viruses,Halorubrum sodomense tailed virus 2,"Halovirus HSTV-2, complete genome",True
MH509443,2250292,Viruses,Mycobacterium phage Avle17,"Mycobacterium phage Avle17, complete genome",True
NC_016163,331278,Viruses,Yersinia phage phiR1-37,"Yersinia phage phiR1-37, complete genome",True
KX712236,1897442,Viruses,Rhodococcus phage Yogi,"Rhodococcus phage Yogi, complete genome",True
NC_030935,1647473,Viruses,Gordonia phage GRU3,"Gordonia phage GRU3, complete genome",True
NC_028786,1610829,Viruses,Klebsiella phage 1513,"Klebsiella phage 1513, complete genome",True
NC_011039,543153,Viruses,Mycobacterium phage Predator,"Mycobacterium phage Predator, complete genome",True
NC_030934,1777065,Viruses,Pseudomonas phage vB_PsyM_KIL1,"Pseudomonas phage vB_PsyM_KIL1, complete genome",True
NC_023708,1086749,Viruses,Mycobacterium phage Dreamboat,"Mycobacterium phage Dreamboat, complete genome",True
GQ303266,663560,Viruses,Mycobacterium phage UncleHowie,"Mycobacterium phage UncleHowie, complete genome",True
MK359310,2502428,Viruses,Mycobacterium phage Katalie136,"Mycobacterium phage Katalie136, complete genome",True
MF140399,2015875,Viruses,Mycobacterium phage Bartholomew,"Mycobacterium phage Bartholomew, complete genome",True
MH651186,2301712,Viruses,Mycobacterium phage Podrick,"Mycobacterium phage Podrick, complete genome",True
NC_018084,1162306,Viruses,Clostridium phage phiZP2,"Clostridium phage phiZP2, complete genome",True
MG663583,2060087,Viruses,Streptomyces phage Percastrophe,"Streptomyces phage Percastrophe, complete genome",True
KU963251,1821563,Viruses,Gordonia phage UmaThurman,"Gordonia phage UmaThurman, complete genome",True
MH651177,2301707,Viruses,Mycobacterium phage KlimbOn,"Mycobacterium phage KlimbOn, complete genome",True
NC_008193,2911430,Viruses,Pasteurella phage F108,"Pasteurella phage F108, complete genome",True
MH450124,2250423,Viruses,Mycobacterium phage Marius,"Mycobacterium phage Marius, complete genome",True
MK524525,2530144,Viruses,Mycobacterium phage Ringer,"Mycobacterium phage Ringer, complete genome",True
MH976513,2483671,Viruses,Gordonia phage Kroos,"Gordonia phage Kroos, complete genome",True
KT281795,1698715,Viruses,Mycobacterium phage XFactor,"Mycobacterium phage XFactor, complete genome",True
KX641266,1897550,Viruses,Mycobacterium phage Terror,"Mycobacterium phage Terror, complete genome",True
MF189177,2024282,Viruses,Arthrobacter phage Piccoletto,"Arthrobacter phage Piccoletto, complete genome",True
MK016502,2484214,Viruses,Mycobacterium phage Pat3,"Mycobacterium phage Pat3, complete genome",True
NC_022341,1235655,Viruses,Propionibacterium phage PHL113M01,"Propionibacterium phage PHL113M01, complete genome",True
NC_019813,1234701,Viruses,Pseudomonas phage vB_PaeP_p2-10_Or1,"Pseudomonas phage vB_PaeP_p2-10_Or1, complete genome",True
NC_031913,1701824,Viruses,Streptococcus phage phiARI0460-1,"Streptococcus phage phiARI0460-1, complete genome",True
KR080205,1647312,Viruses,Mycobacterium phage Corofin,"Mycobacterium phage Corofin, complete genome",True
NC_003438,2928746,Viruses,Spiroplasma phage 4,"Spiroplasma phage 4, complete genome",True
MG872834,2081621,Viruses,Gordonia phage Confidence,"Gordonia phage Confidence, complete genome",True
JF704093,2902881,Viruses,Mycobacterium phage Backyardigan,"Mycobacterium phage Backyardigan, complete genome",True
MH590595,2283298,Viruses,Mycobacterium phage NEHalo,"Mycobacterium phage NEHalo, complete genome",True
MH834616,2419959,Viruses,Arthrobacter phage Kepler,"Arthrobacter phage Kepler, complete genome",True
JF704105,1034127,Viruses,Mycobacterium phage Adephagia,"Mycobacterium phage Adephagia, complete sequence",True
MG757153,2079426,Viruses,Streptomyces phage BillNye,"Streptomyces phage BillNye, complete genome",True
NC_031069,1814957,Viruses,Streptococcus phage 9871,"Streptococcus virus 9871, complete genome",True
NC_011023,2914013,Viruses,Mycobacterium phage Pukovnik,"Mycobacterium phage Pukovnik, complete genome",True
MH020239,2126816,Viruses,Mycobacterium phage Naca,"Mycobacterium phage Naca, complete genome",True
KY204248,1927027,Viruses,Mycobacterium phage JoongJeon,"Mycobacterium phage JoongJeon, complete genome",True
NC_016569,1109711,Viruses,Nocardia phage NBR1,"Nocardia phage NBR1, complete genome",True
NC_011523,2880538,Viruses,Bacillus phage AP50,"Bacillus phage AP50, complete genome",True
NC_017864,1141526,Viruses,Pseudomonas phage vB_Pae-Kakheti25,"Pseudomonas phage vB_Pae-Kakheti25, complete genome",True
NC_028835,1739608,Viruses,Lactobacillus phage CL2,"Lactobacillus phage CL2, complete genome",True
NC_019933,2994055,Viruses,Xanthomonas phage CP1,"Xanthomonas phage CP1 DNA, complete genome",True
MK376955,2507856,Viruses,Mycobacterium phage KiSi,"Mycobacterium phage KiSi, complete genome",True
KY083061,1916117,Viruses,Mycobacterium phage Palestino,"Mycobacterium phage Palestino, complete genome",True
MH590589,2283305,Viruses,Streptomyces phage SparkleGoddess,"Streptomyces phage SparkleGoddess, complete genome",True
MF324908,2015825,Viruses,Mycobacterium phage Unicorn,"Mycobacterium phage Unicorn, complete genome",True
MK284518,2500573,Viruses,Mycobacterium phage ACFishhook,"Mycobacterium phage ACFishhook, complete genome",True
MH047633,2126722,Viruses,Mycobacterium phage Pistachio,"Mycobacterium phage Pistachio, complete genome",True
NC_009814,330398,Viruses,Listeria phage P35,"Listeria phage P35, complete genome",True
JF704108,2920882,Viruses,Mycobacterium phage JoeDirt,"Mycobacterium phage JoeDirt, complete genome",True
NC_030933,1200862,Viruses,Staphylococcus phage Stau2,"Staphylococcus phage Stau2, complete genome",True
NC_028652,1735586,Viruses,Pseudomonas phage C11,"Pseudomonas phage C11, complete genome",True
NC_027623,1655018,Viruses,Propionibacterium phage Pirate,"Propionibacterium phage Pirate, complete genome",True
MF072690,2006923,Viruses,Mycobacterium phage Porcelain,"Mycobacterium phage Porcelain, complete genome",True
MK279890,2499067,Viruses,Mycobacterium phage Veritas,"Mycobacterium phage Veritas, complete genome",True
KU998237,1838082,Viruses,Gordonia phage Vendetta,"Gordonia phage Vendetta, complete genome",True
KT347314,1698359,Viruses,Mycobacterium phage Phreak,"Mycobacterium phage Phreak, complete genome",True
MG962374,2094139,Viruses,Mycobacterium phage Paola,"Mycobacterium phage Paola, complete genome",True
NC_008723,2913977,Viruses,Staphylococcus phage PH15,"Staphylococcus phage PH15, complete genome",True
MH153809,2182348,Viruses,Gordonia phage Sitar,"Gordonia phage Sitar, complete genome",True
NC_025452,1477406,Viruses,Dickeya phage RC-2014,"Dickeya phage RC-2014, complete genome",True
NC_023594,1445859,Viruses,Shewanella phage Spp001,"Shewanella phage Spp001, complete genome",True
NC_031251,1821562,Viruses,Gordonia phage SoilAssassin,"Gordonia phage SoilAssassin, complete genome",True
NC_021799,1327970,Viruses,Cellulophaga phage phi19:1,"Cellulophaga phage phi19:1, complete genome",True
NC_031266,1821541,Viruses,Mycobacterium phage Phrann,"Mycobacterium phage Phrann, complete genome",True
MG839018,2079582,Viruses,Microbacterium phage Espinosa,"Microbacterium phage Espinosa, complete genome",True
NC_024135,1486424,Viruses,Mycobacterium phage Bernal13,"Mycobacterium phage Bernal13, complete genome",True
KU985091,1821724,Viruses,Mycobacterium phage Hercules11,"Mycobacterium phage Hercules11, complete genome",True
MK524505,2530117,Viruses,Gordonia phage Dogfish,"Gordonia phage Dogfish, complete genome",True
KY223999,1927020,Viruses,Mycobacterium phage MrMagoo,"Mycobacterium phage MrMagoo, complete genome",True
MK112545,2488972,Viruses,Mycobacterium phage Khaleesi,"Mycobacterium phage Khaleesi, complete genome",True
NC_007461,313629,Viruses,Chlamydia phage 4,"Chlamydia phage 4, complete genome",True
KY083060,1916114,Viruses,Mycobacterium phage Bruiser,"Mycobacterium phage Bruiser, complete genome",True
KT184391,1674927,Viruses,Streptomyces phage Lannister,"Streptomyces phage Lannister, complete genome",True
MH536813,2250325,Viruses,Mycobacterium phage AugsMagnumOpus,"Mycobacterium phage AugsMagnumOpus, complete genome",True
NC_002703,35241,Viruses,Lactococcus phage Tuc2009,"Lactococcus phage Tuc2009, complete genome",True
NC_023563,1414748,Viruses,Mycobacterium phage Suffolk,"Mycobacterium phage Suffolk, complete genome",True
MK359337,2502464,Viruses,Mycobacterium phage Flabslab,"Mycobacterium phage Flabslab, complete genome",True
MH834623,2419965,Viruses,Arthrobacter phage Peas,"Arthrobacter phage Peas, complete genome",True
KP876466,1636184,Viruses,Streptomyces phage TP1604,"Streptomyces phage TP1604, complete genome",True
NC_023561,1455074,Viruses,Enterobacter phage PG7,"Enterobacter phage PG7, complete genome",True
KX897981,1913110,Viruses,Mycobacterium phage StarStuff,"Mycobacterium phage StarStuff, complete genome",True
NC_031930,1813781,Viruses,Salmonella phage 118970_sal1,"Salmonella phage 118970_sal1, complete genome",True
NC_029077,1542912,Viruses,Mycobacterium phage VohminGhazi,"Mycobacterium phage VohminGhazi, complete genome",True
NC_011421,2884427,Viruses,Bacillus phage SPO1,"Bacillus phage SPO1, complete genome",True
MH155873,2992928,Viruses,Microbacterium phage Paschalis,"Microbacterium phage Paschalis, complete genome",True
MG099939,2047830,Viruses,Gordonia phage BENtherdunthat,"Gordonia phage BENtherdunthat, complete genome",True
NC_022762,1399942,Viruses,Lactobacillus phage phiLdb,"Lactobacillus phage phiLdb, complete genome",True
MH479920,2250406,Viruses,Mycobacterium phage Mowgli,"Mycobacterium phage Mowgli, complete genome",True
NC_027332,1560342,Viruses,Acinetobacter phage YMC13/03/R2096,"Acinetobacter phage YMC13/03/R2096, complete genome",True
NC_004302,43685,Viruses,Lactococcus phage r1t,"Lactococcus phage r1t, complete genome",True
NC_031049,1805952,Viruses,Bacillus phage NotTheCreek,"Bacillus phage NotTheCreek, complete genome",True
NC_021305,1327939,Viruses,Mycobacterium phage Murphy,"Mycobacterium phage Murphy, complete genome",True
KX534004,1873887,Viruses,Mycobacterium phage Sneeze,"Mycobacterium phage Sneeze, complete genome",True
NC_008201,2681596,Viruses,Mannheimia phage PHL101,"Mannheimia phage PHL101, complete genome",True
MF324912,2015823,Viruses,Mycobacterium phage Phrank,"Mycobacterium phage Phrank, complete genome",True
MG757166,2079416,Viruses,Gordonia phage SuperSulley,"Gordonia phage SuperSulley, complete genome",True
MH316561,2234026,Viruses,Mycobacterium phage Derek,"Mycobacterium phage Derek, complete genome",True
MH669014,2301571,Viruses,Mycobacterium phage Spikelee,"Mycobacterium phage Spikelee, complete genome",True
NC_024375,1173745,Viruses,Listeria phage LP-026,"Listeria phage LP-026, complete genome",True
MK310145,2500805,Viruses,Mycobacterium phage Lemur,"Mycobacterium phage Lemur, complete genome",True
MH001453,2108121,Viruses,Mycobacterium phage Adonis,"Mycobacterium phage Adonis, complete genome",True
KT124228,1690427,Viruses,Streptomyces phage Danzina,"Streptomyces phage Danzina, complete genome",True
NC_031010,1883374,Viruses,Erwinia phage vB_EamM_Kwan,"Erwinia phage vB_EamM_Kwan, complete genome",True
MH834629,2419970,Viruses,Arthrobacter phage Yang,"Arthrobacter phage Yang, complete genome",True
NC_013936,2902838,Viruses,Mycobacterium phage Ardmore,"Mycobacterium phage Ardmore, complete genome",True
MH000606,2108118,Viruses,Mycobacterium phage Fascinus,"Mycobacterium phage Fascinus, complete genome",True
MF919522,2041562,Viruses,Propionibacterium phage MEAK,"Propionibacterium phage MEAK, complete genome",True
MK016498,2484211,Viruses,Mycobacterium phage Manda,"Mycobacterium phage Manda, complete genome",True
KC661272,1327779,Viruses,Mycobacterium phage Methuselah,"Mycobacterium phage Methuselah, complete genome",True
MF185726,2015841,Viruses,Mycobacterium phage Appletree2,"Mycobacterium phage Appletree2, complete genome",True
NC_009333,37296,Viruses,Human gammaherpesvirus 8,"Human herpesvirus 8 strain GK18, complete genome",True
MH077576,2163589,Viruses,Mycobacterium phage AbbyPaige,"Mycobacterium phage AbbyPaige, complete genome",True
JN083852,2902890,Viruses,Mycobacterium phage Benedict,"Mycobacterium phage Benedict, complete genome",True
MH371117,2250360,Viruses,Mycobacterium phage Kahve,"Mycobacterium phage Kahve, complete genome",True
NC_001365,10854,Viruses,Spiroplasma phage R8A2B,"Spiroplasma phage 1-R8A2B, complete genome",True
NC_024370,1448276,Viruses,Streptococcus phage IC1,"Streptococcus phage IC1, complete sequence",True
JN412590,2922993,Viruses,Mycobacterium phage Eureka,"Mycobacterium phage Eureka, complete genome",True
MH576948,2283238,Viruses,Arthrobacter phage Azathoth,"Arthrobacter phage Azathoth, complete genome",True
KP876465,1636183,Viruses,Streptomyces phage YDN12,"Streptomyces phage YDN12, complete genome",True
NC_031008,1821228,Viruses,Staphylococcus phage SLPW,"Staphylococcus phage SLPW, complete genome",True
KM652554,1556290,Viruses,Streptomyces phage Jay2Jay,"Streptomyces phage Jay2Jay, complete genome",True
MF140403,2015877,Viruses,Mycobacterium phage Changeling,"Mycobacterium phage Changeling, complete genome",True
MH155875,2182402,Viruses,Mycobacterium phage Pipcraft,"Mycobacterium phage Pipcraft, complete genome",True
NC_023713,1089117,Viruses,Mycobacterium phage Blue7,"Mycobacterium phage Blue7, complete genome",True
NC_031920,1701811,Viruses,Streptococcus phage phiARI0004,"Streptococcus phage phiARI0004, complete genome",True
KT895281,1739967,Viruses,Mycobacterium phage Cabrinians,"Mycobacterium phage Cabrinians, complete genome",True
KY969628,1983573,Viruses,Mycobacterium phage Zenon,"Mycobacterium phage Zenon, complete genome",True
NC_019930,981335,Viruses,Tetrasphaera phage TJE1,"Tetrasphaera phage TJE1, complete genome",True
MK359342,2502467,Viruses,Mycobacterium phage ShiaLabeouf,"Mycobacterium phage ShiaLabeouf, complete genome",True
MF324906,2015816,Viruses,Arthrobacter phage Cheesy,"Arthrobacter phage Cheesy, complete genome",True
NC_028676,1636182,Viruses,Sinorhizobium phage phiM9,"Sinorhizobium phage phiM9, complete genome",True
NC_019502,1124578,Viruses,Bacillus phage phIS3501,"Bacillus phage phIS3501, complete genome",True
MG872837,2081624,Viruses,Mycobacterium phage Gage,"Mycobacterium phage Gage, complete genome",True
MH020236,2126813,Viruses,Mycobacterium phage GageAP,"Mycobacterium phage GageAP, complete genome",True
MH513980,2250307,Viruses,Mycobacterium phage Roy17,"Mycobacterium phage Roy17, complete genome",True
MH371112,2250354,Viruses,Mycobacterium phage Adnama,"Mycobacterium phage Adnama, complete genome",True
NC_011142,551895,Viruses,Iodobacter phage PhiPLPE,"Iodobacteriophage phiPLPE, complete genome",True
KY385383,1933690,Viruses,Mycobacterium phage Maskar,"Mycobacterium phage Maskar, complete genome",True
NC_022966,1327964,Viruses,Pseudomonas phage PAK_P5,"Pseudomonas phage PAK_P5, complete genome",True
NC_028766,1572750,Viruses,Mannheimia phage vB_MhM_3927AP2,"Mannheimia phage vB_MhM_3927AP2, complete genome",True
KU160666,1772316,Viruses,Arthrobacter phage SorJuana,"Arthrobacter phage SorJuana, complete genome",True
NC_023740,1089136,Viruses,Mycobacterium phage JacAttac,"Mycobacterium phage JacAttac, complete genome",True
NC_011810,538398,Viruses,Pseudomonas phage PB1,"Pseudomonas phage PB1, complete genome",True
NC_007060,2936817,Viruses,Staphylococcus phage 55,"Staphylococcus phage 55, complete genome",True
NC_008199,373413,Viruses,Mycobacterium phage Pipefish,"Mycobacterium phage Pipefish, complete genome",True
NC_021342,1325372,Viruses,Edwardsiella phage PEi21,"Edwardsiella phage PEi21, complete genome",True
NC_028861,1647304,Viruses,Mycobacterium phage FlagStaff,"Mycobacterium phage FlagStaff, complete genome",True
MH479926,2250389,Viruses,Arthrobacter phage Synepsis,"Arthrobacter phage Synepsis, complete genome",True
NC_028783,1739610,Viruses,Lactobacillus phage iLp84,"Lactobacillus phage iLp84, complete genome",True
MF140433,2015872,Viruses,Arthrobacter phage TinoCrisci,"Arthrobacter phage TinoCrisci, complete genome",True
MK016501,2484213,Viruses,Mycobacterium phage Nebkiss,"Mycobacterium phage Nebkiss, complete genome",True
MK359307,2502425,Viruses,Mycobacterium phage Ochi17,"Mycobacterium phage Ochi17, complete genome",True
NC_016165,1105286,Viruses,Rhodobacter phage RcapMu,"Rhodobacter phage RcapMu, complete genome",True
MF140398,2015874,Viruses,Mycobacterium phage Amohnition,"Mycobacterium phage Amohnition, complete genome",True
MF919509,2041534,Viruses,Mycobacterium phage JetBlade,"Mycobacterium phage JetBlade, complete genome",True
NC_028655,1735591,Viruses,Yersinia phage vB_YenP_AP10,"Yersinia phage vB_YenP_AP10, complete genome",True
MH590605,2283294,Viruses,Mycobacterium phage Cherrybomb426,"Mycobacterium phage Cherrybomb426, complete genome",True
MK279904,2499055,Viruses,Mycobacterium phage RedMaple,"Mycobacterium phage RedMaple, complete genome",True
MF919515,2041560,Viruses,Propionibacterium phage Leviosa,"Propionibacterium phage Leviosa, complete genome",True
KX657796,1912978,Viruses,Mycobacterium phage Urkel,"Mycobacterium phage Urkel, complete genome",True
NC_024386,1262518,Viruses,Leuconostoc phage LN25,"Leuconostoc phage phiLN25, complete genome",True
NC_031078,1873777,Viruses,Streptomyces phage Nanodon,"Streptomyces phage Nanodon, complete genome",True
MK016491,2484208,Viruses,Mycobacterium phage BaboJay,"Mycobacterium phage BaboJay, complete genome",True
NC_031924,1873985,Viruses,Salmonella phage IME207,"Salmonella phage IME207, complete genome",True
NC_004745,2992578,Viruses,Yersinia phage L-413C,"Yersinia phage L-413C, complete genome",True
MF189173,2024277,Viruses,Arthrobacter phage Heisenberger,"Arthrobacter phage Heisenberger, complete genome",True
MK112555,2488979,Viruses,Mycobacterium phage Zelda,"Mycobacterium phage Zelda, complete genome",True
MH399783,2250371,Viruses,Microbacterium phage Noelani,"Microbacterium phage Noelani, complete genome",True
KY092480,1920311,Viruses,Streptomyces phage Picard,"Streptomyces phage Picard, complete genome",True
MH536816,2250326,Viruses,Mycobacterium phage DrFeelGood,"Mycobacterium phage DrFeelGood, complete genome",True
MK524488,2530139,Viruses,Mycobacterium phage Patt,"Mycobacterium phage Patt, complete genome",True
MK359312,2502430,Viruses,Mycobacterium phage Fushigi,"Mycobacterium phage Fushigi, complete genome",True
JF704091,1034126,Viruses,Mycobacterium phage ABU,"Mycobacterium phage ABU, complete sequence",True
MH045562,2126934,Viruses,Microbacterium phage Raptor,"Microbacterium phage Raptor, complete genome",True
NC_029075,1589748,Viruses,Achromobacter phage JWF,"Achromobacter phage JWF, complete genome",True
MK016490,2484217,Viruses,Arthrobacter phage Anjali,"Arthrobacter phage Anjali, complete genome",True
KX641263,1897545,Viruses,Mycobacterium phage Kalpine,"Mycobacterium phage Kalpine, complete genome",True
NC_028933,1589273,Viruses,Pseudomonas phage PhiCHU,"Pseudomonas phage PhiCHU, complete genome",True
NC_029120,1416032,Viruses,Shigella phage 75/02 Stx,"Shigella phage 75/02 Stx, complete genome",True
NC_023731,1071503,Viruses,Mycobacterium phage Trixie,"Mycobacterium phage Trixie, complete genome",True
NC_002649,2679898,Viruses,Bacillus phage GA1,"Bacillus phage GA-1, complete genome",True
NC_002796,31754,Viruses,Lactococcus phage BK5-T,"Lactococcus phage BK5-T, complete genome",True
KP273225,1589274,Viruses,Mycobacterium phage Sheen,"Mycobacterium phage Sheen, complete genome",True
NC_021304,1327759,Viruses,Streptomyces phage Sujidade,"Streptomyces phage Sujidade, complete genome",True
MK450432,2510580,Viruses,Mycobacterium phage ValleyTerrace,"Mycobacterium phage ValleyTerrace, complete genome",True
NC_021325,1305708,Viruses,Clostridium phage vB_CpeS-CP51,"Clostridium phage vB_CpeS-CP51, complete genome",True
NC_018847,1229793,Viruses,Propionibacterium phage ATCC29399B_T,"Propionibacterium phage ATCC29399B_T, complete genome",True
NC_018848,1204525,Viruses,Streptomyces phage SV1,"Streptomyces phage SV1, complete genome",True
MF919500,2041527,Viruses,Mycobacterium phage Dalmatian,"Mycobacterium phage Dalmatian, complete genome",True
NC_011020,2914014,Viruses,Mycobacterium phage Jasper,"Mycobacterium phage Jasper, complete genome",True
MH834598,2419948,Viruses,Arthrobacter phage Auxilium,"Arthrobacter phage Auxilium, complete genome",True
KR080193,1647300,Viruses,Mycobacterium phage Luchador,"Mycobacterium phage Luchador, complete genome",True
MF919539,2041555,Viruses,Mycobacterium phage Virapocalypse,"Mycobacterium phage Virapocalypse, complete genome",True
NC_019523,1128071,Viruses,Clostridium phage phi24R,"Clostridium phage phi24R, complete genome",True
NC_024071,1489714,Viruses,Tanay virus,"Tanay virus isolate 11-2, complete genome",True
NC_011273,546805,Viruses,Mycobacterium phage Myrna,"Mycobacterium phage Myrna, complete genome",True
NC_021321,2847109,Viruses,Halorubrum tailed phage 8,"Halorubrum tailed phage 8, complete genome",True
NC_009877,260120,Viruses,Mycobacterium phage U2,"Mycobacterium phage U2, complete genome",True
KF017927,1340711,Viruses,Mycobacterium phage Odin,"Mycobacterium phage Odin, complete genome",True
NC_023748,701456,Viruses,Mycobacterium phage SkiPole,"Mycobacterium phage SkiPole, complete genome",True
NC_012788,649688,Viruses,Mycobacterium phage Angel,"Mycobacterium phage Angel, complete genome",True
MH590598,2283296,Viruses,Mycobacterium phage Krakatau,"Mycobacterium phage Krakatau, complete genome",True
MH513974,2250295,Viruses,Gordonia phage LastResort,"Gordonia phage LastResort, complete genome",True
MK279849,2499038,Viruses,Mycobacterium phage Duke13,"Mycobacterium phage Duke13, complete genome",True
MH697581,2301549,Viruses,Mycobacterium phage Crispicous1,"Mycobacterium phage Crispicous1, complete genome",True
NC_028920,1551710,Viruses,Mycobacterium phage Abrogate,"Mycobacterium phage Abrogate, complete genome",True
MG518520,2053813,Viruses,Streptomyces phage Immanuel3,"Streptomyces phage Immanuel3, complete genome",True
MH576964,2283266,Viruses,Streptomyces phage Starbow,"Streptomyces phage Starbow, complete genome",True
MH727546,2301611,Viruses,Mycobacterium phage Eaglehorse,"Mycobacterium phage Eaglehorse, complete genome",True
NC_003309,2883940,Viruses,Burkholderia phage phiE125,"Burkholderia phage phiE125, complete genome",True
NC_024356,1445858,Viruses,Enterococcus phage IME-EFm1,"Enterococcus phage IME-EFm1, complete genome",True
MH976506,2483664,Viruses,Gordonia phage Affeca,"Gordonia phage Affeca, complete genome",True
KU963262,1821550,Viruses,Gordonia phage Benczkowski14,"Gordonia phage Benczkowski14, complete genome",True
MH834606,2419951,Viruses,Arthrobacter phage Coral,"Arthrobacter phage Coral, complete genome",True
NC_028926,1597966,Viruses,Bacillus phage Palmer,"Bacillus phage Palmer, complete genome",True
NC_028988,1481785,Viruses,Ralstonia phage RSJ2,"Ralstonia phage RSJ2 DNA, complete genome",True
NC_030924,1838073,Viruses,Gordonia phage Monty,"Gordonia phage Monty, complete genome",True
KX507343,1873996,Viruses,Streptomyces phage Lorelei,"Streptomyces phage Lorelei, complete genome",True
NC_021788,1328029,Viruses,Cellulophaga phage phi4:1,"Cellulophaga phage phi4:1, complete genome",True
NC_004165,2994042,Viruses,Bacillus phage B103,"Bacillus phage B103, complete genome",True
NC_025442,1541887,Viruses,Chivirus chi,"Salmonella phage Chi, complete genome",True
KX550442,1881140,Viruses,Mycobacterium phage Badger,"Mycobacterium phage Badger, complete genome",True
MH727557,2301616,Viruses,Mycobacterium phage Paperbeatsrock,"Mycobacterium phage Paperbeatsrock, complete genome",True
KX817175,1913041,Viruses,Mycobacterium phage Albee,"Mycobacterium phage Albee, complete genome",True
NC_022064,1340828,Viruses,Mycobacterium phage Reprobate,"Mycobacterium phage Reprobate, complete genome",True
MF668277,2027897,Viruses,Mycobacterium phage MadamMonkfish,"Mycobacterium phage MadamMonkfish, complete genome",True
MH316569,2234034,Viruses,Rhodococcus phage Shuman,"Rhodococcus phage Shuman, complete genome",True
NC_023571,1432847,Viruses,Oenococcus phage phiS11,"Oenococcus phage phiS11, complete genome",True
MK433267,2510502,Viruses,Gordonia phage Butterball,"Gordonia phage Butterball, complete genome",True
NC_024362,1500756,Viruses,Pseudomonas phage phiPSA2,"Pseudomonas phage phiPSA2, complete genome",True
NC_014637,693272,Viruses,Cafeteria roenbergensis virus BV-PW1,"Cafeteria roenbergensis virus BV-PW1, complete genome",True
MK112535,2488955,Viruses,Arthrobacter phage CallieOMalley,"Arthrobacter phage CallieOMalley, complete genome",True
NC_003216,40521,Viruses,Listeria phage A118,"Listeria phage A118, complete genome",True
NC_027377,1536604,Viruses,Leuconostoc phage Ln-8,"Leuconostoc phage Ln-8, complete genome",True
NC_021538,1327771,Viruses,Mycobacterium phage Job42,"Mycobacterium phage Job42, complete genome",True
NC_019909,1206558,Viruses,Yersinia phage phiR1-RT,Yersinia phage phiR1-RT complete genome,True
MF185719,2015843,Viruses,Mycobacterium phage Edugator,"Mycobacterium phage Edugator, complete genome",True
NC_025423,1391188,Viruses,Bacillus phage CP-51,"Bacillus phage CP-51, complete genome",True
NC_011271,546803,Viruses,Mycobacterium phage Cali,"Mycobacterium phage Cali, complete genome",True
NC_011165,549445,Viruses,Pseudomonas phage LBL3,"Pseudomonas phage LBL3, complete genome",True
NC_026017,1540823,Viruses,Salmonella phage LSPA1,"Salmonella phage LSPA1, complete genome",True
JX307704,2927989,Viruses,Mycobacterium phage Goose,"Mycobacterium phage Goose, complete genome",True
MH230876,2178920,Viruses,Mycobacterium phage ConceptII,"Mycobacterium phage ConceptII, complete genome",True
MG944222,2099446,Viruses,Microbacterium phage StingRay,"Microbacterium phage StingRay, complete genome",True
NC_028800,1647374,Viruses,Klebsiella phage K5,"Klebsiella phage K5, complete genome",True
NC_029079,1679524,Viruses,Mycobacterium phage Dusk,"Mycobacterium phage Dusk, complete genome",True
MK524528,2530149,Viruses,Mycobacterium phage ShrimpFriedEgg,"Mycobacterium phage ShrimpFriedEgg, complete genome",True
MF919534,2041551,Viruses,Mycobacterium phage Superphikiman,"Mycobacterium phage Superphikiman, complete genome",True
MG663584,2060088,Viruses,Streptomyces phage Romero,"Streptomyces phage Romero, complete genome",True
MH926058,2341078,Viruses,Mycobacterium phage Reptar3000,"Mycobacterium phage Reptar3000, complete genome",True
NC_022325,1340831,Viruses,Mycobacterium phage Dylan,"Mycobacterium phage Dylan, complete genome",True
NC_031025,1852657,Viruses,Klebsiella phage KpV475,"Klebsiella phage vB_KpnP_KpV475, complete genome",True
NC_021800,1327974,Viruses,Cellulophaga phage phi46:1,"Cellulophaga phage phi46:1, complete genome",True
KU963245,1821554,Viruses,Gordonia phage Hotorobo,"Gordonia phage Hotorobo, complete genome",True
MH271309,2201452,Viruses,Rhodococcus phage Phrankenstein,"Rhodococcus phage Phrankenstein, complete genome",True
NC_002180,2932877,Viruses,Chlamydia phage phiCPAR39,"Chlamydia phage phiCPAR39, complete sequence",True
NC_007497,348137,Viruses,Burkholderia phage Bcep176,"Burkholderia phage Bcep176, complete genome",True
MK310139,2500802,Viruses,Mycobacterium phage Emiris,"Mycobacterium phage Emiris, complete genome",True
MH834596,2419971,Viruses,Microbacterium phage Armstrong,"Microbacterium phage Armstrong, complete genome",True
NC_025453,1486428,Viruses,Enterococcus phage EFC-1,"Enterococcus phage EFC-1, complete genome",True
MK279913,2499052,Viruses,Mycobacterium phage PotatoSplit,"Mycobacterium phage PotatoSplit, complete genome",True
NC_023580,1445728,Viruses,Mycobacterium phage Saal,"Mycobacterium phage Saal, complete genome",True
NC_012091,593131,Viruses,Pseudomonas phage phi2954,"Pseudomonas phage phi2954 segment L, complete sequence",True
MH153808,2182347,Viruses,Gordonia phage Petra,"Gordonia phage Petra, complete genome",True
MF919520,2041513,Viruses,Gordonia phage Lozinak,"Gordonia phage Lozinak, complete genome",True
NC_013696,663241,Viruses,Enterococcus phage phiEf11,"Enterococcus phage phiEf11, complete genome",True
NC_003345,33771,Viruses,Halorubrum phage HF2,"Halorubrum phage HF2, complete genome",True
MK279853,2499024,Viruses,Gordonia phage Gray,"Gordonia phage Gray, complete genome",True
KX657794,1912977,Viruses,Mycobacterium phage SamuelLPlaqson,"Mycobacterium phage SamuelLPlaqson, complete genome",True
NC_011802,329864,Viruses,Salmonella phage SE1 (in:P22virus),"Salmonella enterica bacteriophage SE1, complete genome",True
NC_004996,157924,Viruses,Streptococcus phage SM1,"Streptococcus phage SM1, complete genome",True
NC_021783,2991860,Viruses,Salmonella phage iEPS5,"Salmonella phage iEPS5, complete genome",True
MK310146,2500800,Viruses,Mycobacterium phage Crespo,"Mycobacterium phage Crespo, complete genome",True
MH371123,2250367,Viruses,Mycobacterium phage Sandalphon,"Mycobacterium phage Sandalphon, complete genome",True
NC_017983,1183239,Viruses,Salisaeta icosahedral phage 1,"Salisaeta icosahedral phage 1, complete genome",True
MH051254,2126951,Viruses,Mycobacterium phage Jabiru,"Mycobacterium phage Jabiru, complete genome",True
NC_031056,1792245,Viruses,Bacillus phage Deep Blue,"Bacillus phage Deep Blue, complete genome",True
NC_028674,1296647,Viruses,Mycobacterium phage ShiVal,"Mycobacterium phage ShiVal, complete genome",True
MG962368,2094133,Viruses,Gordonia phage Gravy,"Gordonia phage Gravy, complete genome",True
MH727564,2301621,Viruses,Streptomyces phage Yaboi,"Streptomyces phage Yaboi, complete genome",True
NC_003324,179237,Viruses,Sinorhizobium phage PBC5,"Sinorhizobium phage PBC5, complete genome",True
MF919525,2041543,Viruses,Mycobacterium phage Murica,"Mycobacterium phage Murica, complete genome",True
NC_023734,1071177,Viruses,Psychrobacter phage Psymv2,"Psychrobacter phage Psymv2, complete genome",True
NC_027336,1500798,Viruses,Propionibacterium phage PHL009M11,"Propionibacterium phage PHL009M11, complete genome",True
MK524517,2530131,Viruses,Mycobacterium phage James,"Mycobacterium phage James, complete genome",True
MK310138,2500807,Viruses,Mycobacterium phage Shaobing,"Mycobacterium phage Shaobing, complete genome",True
NC_028654,1739966,Viruses,Mycobacterium phage Sparkdehlily,"Mycobacterium phage Sparkdehlily, complete genome",True
MH651171,2301704,Viruses,Mycobacterium phage Collard,"Mycobacterium phage Collard, complete genome",True
MH509446,2250288,Viruses,Gordonia phage DelRio,"Gordonia phage DelRio, complete genome",True
NC_021318,1327948,Viruses,Mycobacterium phage Chy5,"Mycobacterium phage Chy5, complete genome",True
MF919512,2041536,Viruses,Mycobacterium phage Klein,"Mycobacterium phage Klein, complete genome",True
MG944217,2099447,Viruses,Mycobacterium phage Phacado,"Mycobacterium phage Phacado, complete genome",True
MH632120,2282910,Viruses,Mycobacterium phage Thonko,"Mycobacterium phage Thonko, complete genome",True
NC_007806,347325,Viruses,Pseudomonas phage 73,"Pseudomonas phage 73, complete genome",True
NC_031923,1701828,Viruses,Streptococcus phage phiARI0468-2,"Streptococcus phage phiARI0468-2, complete genome",True
NC_006294,292443,Viruses,Vibrio phage KSF1,"Vibrio phage KSF-1phi, complete genome",True
NC_024389,1262523,Viruses,Leuconostoc phage phiLNTR2,"Leuconostoc phage phiLNTR2, complete genome",True
NC_028923,1541823,Viruses,Mycobacterium phage Llama,"Mycobacterium phage Llama, complete genome",True
NC_007814,345922,Viruses,Bacillus phage Fah,"Bacillus phage Fah, complete genome",True
MG925354,2099640,Viruses,Mycobacterium phage Ogopogo,"Mycobacterium phage Ogopogo, complete genome",True
NC_001628,12023,Viruses,Pseudomonas phage PP7,"Pseudomonas phage PP7, complete genome",True
MG925344,2099633,Viruses,Mycobacterium phage Ichabod,"Mycobacterium phage Ichabod, complete genome",True
NC_020877,1235660,Viruses,Staphylococcus phage vB_SauM_Romulus,"Staphylococcus phage vB_SauM_Romulus, complete genome",True
NC_020853,754044,Viruses,Loktanella phage pCB2051-A,Loktanella phage pCB2051-A genomic sequence,True
MK112539,2488967,Viruses,Mycobacterium phage Dione,"Mycobacterium phage Dione, complete genome",True
NC_031231,1796995,Viruses,Arthrobacter phage KellEzio,"Arthrobacter phage KellEzio, complete genome",True
MK279845,2499000,Viruses,Arthrobacter phage Cholula,"Arthrobacter phage Cholula, complete genome",True
MH513982,2250298,Viruses,Microbacterium phage Sansa,"Microbacterium phage Sansa, complete genome",True
MK524530,2530140,Viruses,Mycobacterium phage Pharaoh,"Mycobacterium phage Pharaoh, complete genome",True
NC_023738,1052673,Viruses,Mycobacterium phage Thibault,"Mycobacterium phage Thibault, complete genome",True
MH479919,2250405,Viruses,Mycobacterium phage Moose,"Mycobacterium phage Moose, complete genome",True
KT359365,1698254,Viruses,Mycobacterium phage DaHudson,"Mycobacterium phage DaHudson, complete genome",True
KX817173,1913043,Viruses,Mycobacterium phage Tuco,"Mycobacterium phage Tuco, complete genome",True
NC_028945,1647405,Viruses,Sinorhizobium phage phiN3,"Sinorhizobium phage phiN3, complete genome",True
NC_019449,2892341,Viruses,Lactobacillus phage c5,"Lactobacillus phage c5, complete genome",True
NC_023500,1308897,Viruses,Staphylococcus phage StauST398-5,"Staphylococcus phage StauST398-5, complete genome",True
NC_023696,1074305,Viruses,Mycobacterium phage Dandelion,"Mycobacterium phage Dandelion, complete genome",True
NC_028754,1572715,Viruses,Salmonella phage Shivani,"Salmonella phage Shivani, complete genome",True
MK433265,2510504,Viruses,Gordonia phage Exiguo,"Gordonia phage Exiguo, complete genome",True
NC_031907,1701837,Viruses,Streptococcus phage phiARI0746,"Streptococcus phage phiARI0746, complete genome",True
NC_024216,1486657,Viruses,Bacillus phage CAM003,"Bacillus phage CAM003, complete genome",True
NC_031250,1543205,Viruses,Salmonella phage BP63,"Salmonella phage BP63, complete genome",True
NC_023687,2902905,Viruses,Mycobacterium phage Bruns,"Mycobacterium phage Bruns, complete genome",True
NC_028838,1582155,Viruses,Clostridium phage phiCD506,"Clostridium phage phiCD506, complete genome",True
MH834627,2419968,Viruses,Arthrobacter phage Ryan,"Arthrobacter phage Ryan, complete genome",True
MH051264,2126805,Viruses,Mycobacterium phage Cobra,"Mycobacterium phage Cobra, complete genome",True
MH744414,2315612,Viruses,Mycobacterium phage Arcanine,"Mycobacterium phage Arcanine, complete genome",True
MG925339,2099630,Viruses,Mycobacterium phage Chunky,"Mycobacterium phage Chunky, complete genome",True
KU935730,1821540,Viruses,Mycobacterium phage Pipsqueaks,"Mycobacterium phage Pipsqueaks, complete genome",True
MK524514,2530122,Viruses,Mycobacterium phage Bud,"Mycobacterium phage Bud, complete genome",True
NC_005354,139872,Viruses,Lactobacillus prophage Lj928,"Lactobacillus prophage Lj928, complete genome",True
NC_017976,1161901,Viruses,Bacillus phage PBC1,"Bacillus phage PBC1, complete genome",True
NC_022094,663237,Viruses,Bacillus phage Wip1,"Bacillus phage Wip1, complete genome",True
NC_023554,1429905,Viruses,Mycobacterium phage JAMaL,"Mycobacterium phage JAMaL, complete genome",True
MF919536,2041553,Viruses,Mycobacterium phage TipsytheTRex,"Mycobacterium phage TipsytheTRex, complete genome",True
KU963257,1821556,Viruses,Gordonia phage Kita,"Gordonia phage Kita, complete genome",True
NC_023711,1052671,Viruses,Mycobacterium phage Oline,"Mycobacterium phage Oline, complete genome",True
NC_023862,1458724,Viruses,Mycobacterium phage Alsfro,"Mycobacterium phage Alsfro, complete genome",True
NC_031044,1862962,Viruses,Lactococcus phage M6165,"Lactococcus phage M6165, complete genome",True
MF155936,2006926,Viruses,Mycobacterium phage ZenTime222,"Mycobacterium phage ZenTime222, complete genome",True
MF140412,2015883,Viruses,Mycobacterium phage Jeckyll,"Mycobacterium phage Jeckyll, complete genome",True
MG812493,2079573,Viruses,Mycobacterium phage NuevoMundo,"Mycobacterium phage NuevoMundo, complete genome",True
NC_015269,2991866,Viruses,Salmonella phage Spc35,"Salmonella phage Spc35, complete genome",True
JN618996,1079896,Viruses,Mycobacterium phage Arbiter,"Mycobacterium phage Arbiter, complete genome",True
MG757163,2079428,Viruses,Streptomyces phage OzzyJ,"Streptomyces phage OzzyJ, complete genome",True
NC_028757,1527535,Viruses,Mycobacterium phage Tiffany,"Mycobacterium phage Tiffany, complete genome",True
MK359318,2502436,Viruses,Mycobacterium phage Specks,"Mycobacterium phage Specks, complete genome",True
NC_002072,2932879,Viruses,Streptococcus phage DT1,"Streptococcus phage DT1, complete genome",True
NC_031908,1874540,Viruses,Pseudoalteromonas phage PH1,"Pseudoalteromonas phage PH1, complete genome",True
MF140408,2015880,Viruses,Mycobacterium phage DismalFunk,"Mycobacterium phage DismalFunk, complete genome",True
MK450434,2510581,Viruses,Mycobacterium phage DrPhinkDaddy,"Mycobacterium phage DrPhinkDaddy, complete genome",True
NC_023859,1458670,Viruses,Microbacterium phage vB_MoxS-ISF9,"Microbacterium phage vB_MoxS-ISF9, complete genome",True
KX683423,1897486,Viruses,Mycobacterium phage BabyRay,"Mycobacterium phage BabyRay, complete genome",True
JF704106,2902832,Viruses,Mycobacterium phage Anaya,"Mycobacterium phage Anaya, complete genome",True
MH450132,2250418,Viruses,Gordonia phage SketchMex,"Gordonia phage SketchMex, complete genome",True
NC_028877,1560285,Viruses,Mycobacterium phage Larenn,"Mycobacterium phage Larenn, complete genome",True
NC_028859,1636204,Viruses,Staphylococcus phage B166,"Staphylococcus phage B166, complete genome",True
MF919510,2041511,Viruses,Gordonia phage Kabluna,"Gordonia phage Kabluna, complete genome",True
JF704109,1034141,Viruses,Mycobacterium phage Oosterbaan,"Mycobacterium phage Oosterbaan, complete sequence",True
MK279900,2499026,Viruses,Gordonia phage Nina,"Gordonia phage Nina, complete genome",True
KR997968,1675555,Viruses,Mycobacterium phage Quico,"Mycobacterium phage Quico, complete genome",True
NC_020477,2880542,Viruses,Bacillus phage Eoghan,"Bacillus phage Eoghan, complete genome",True
MF467948,2024284,Viruses,Streptomyces phage DrGrey,"Streptomyces phage DrGrey, complete genome",True
MH834615,2419979,Viruses,Mycobacterium phage KandZ,"Mycobacterium phage KandZ, complete genome",True
KY549153,1955425,Viruses,Rhodococcus phage AngryOrchard,"Rhodococcus phage AngryOrchard, complete genome",True
NC_022979,1391432,Viruses,Mycobacterium phage Graduation,"Mycobacterium phage Graduation, complete genome",True
KU160664,1772314,Viruses,Arthrobacter phage Salgado,"Arthrobacter phage Salgado, complete genome",True
MK061409,2488785,Viruses,Mycobacterium phage ExplosioNervosa,"Mycobacterium phage ExplosioNervosa, complete genome",True
NC_007062,2908114,Viruses,Staphylococcus phage 52A,"Staphylococcus phage 52A, complete genome",True
MH744423,2315616,Viruses,Mycobacterium phage Saguaro,"Mycobacterium phage Saguaro, complete genome",True
NC_023601,1458843,Viruses,Pseudomonas phage phiPsa374,"Pseudomonas phage phiPsa374, complete genome",True
NC_015283,444862,Viruses,Prochlorococcus phage P-RSM4,"Prochlorococcus phage P-RSM4, complete genome",True
MF541405,2024288,Viruses,Streptomyces phage Celeste,"Streptomyces phage Celeste, complete genome",True
NC_016658,445693,Viruses,Cyanophage NATL1A-7,"Cyanophage NATL1A-7, complete genome",True
NC_024330,1481224,Viruses,Pseudomonas phage JD024,"Pseudomonas phage JD024, complete genome",True
MH727551,2301614,Viruses,Mycobacterium phage Kalah2,"Mycobacterium phage Kalah2, complete genome",True
MG839023,2079588,Viruses,Microbacterium phage Peep,"Microbacterium phage Peep, complete genome",True
NC_028967,1690805,Viruses,Propionibacterium phage PAC1,"Propionibacterium phage PAC1, complete genome",True
MK279893,2499029,Viruses,Gordonia phage WheatThin,"Gordonia phage WheatThin, complete genome",True
NC_008194,2902792,Viruses,Mycobacterium phage 244,"Mycobacterium phage 244, complete genome",True
MH399784,2250383,Viruses,Mycobacterium phage NormanBulbieJr,"Mycobacterium phage NormanBulbieJr, complete genome",True
NC_030927,1838080,Viruses,Gordonia phage Splinter,"Gordonia phage Splinter, complete genome",True
NC_028657,1755689,Viruses,Pseudomonas phage YMC11/02/R656,"Pseudomonas phage YMC11/02/R656, complete genome",True
NC_007808,347327,Viruses,Pseudomonas phage PA11,"Pseudomonas phage PA11, complete genome",True
MF919494,2041520,Viruses,Mycobacterium phage BeanWater,"Mycobacterium phage BeanWater, complete genome",True
NC_023701,2902794,Viruses,Mycobacterium phage Acadian,"Mycobacterium virus Acadian, complete genome",True
KJ194579,1458715,Viruses,Mycobacterium phage Swish,"Mycobacterium phage Swish, complete genome",True
NC_009878,2902891,Viruses,Mycobacterium phage Bethlehem,"Mycobacterium phage Bethlehem, complete genome",True
NC_028773,1327935,Viruses,Cronobacter phage S13,"Cronobacter phage S13, complete genome",True
NC_021864,948071,Viruses,Puniceispirillum phage HMO-2011,"Puniceispirillum phage HMO-2011, complete genome",True
NC_000852,10506,Viruses,Paramecium bursaria Chlorella virus 1,"Paramecium bursaria Chlorella virus 1, complete genome",True
NC_009643,2880361,Viruses,Actinomyces phage Av-1,"Actinomyces phage Av-1, complete genome",True
NC_030941,1838066,Viruses,Gordonia phage Cozz,"Gordonia phage Cozz, complete genome",True
MG839025,2079590,Viruses,Microbacterium phage Raccoon,"Microbacterium phage Raccoon, complete genome",True
NC_022061,1340830,Viruses,Mycobacterium phage KayaCho,"Mycobacterium phage KayaCho, complete genome",True
MH779501,2315530,Viruses,Gordonia phage Emianna,"Gordonia phage Emianna, complete genome",True
NC_001447,46014,Viruses,Plasmavirus L2,"Acholeplasma phage L2, complete genome",True
NC_031107,1883370,Viruses,Erwinia phage vB_EamM_Asesino,"Erwinia phage vB_EamM_Asesino, complete genome",True
MF919503,2041529,Viruses,Mycobacterium phage Dingo,"Mycobacterium phage Dingo, complete genome",True
NC_031042,1647411,Viruses,Salmonella phage NR01,"Salmonella phage NR01, complete genome",True
NC_030940,1754217,Viruses,Pseudomonas phage phi3,"Pseudomonas phage phi3, complete genome",True
KY471268,1958909,Viruses,Gordonia phage Huffy,"Gordonia phage Huffy, complete genome",True
NC_022052,1340826,Viruses,Mycobacterium phage Whirlwind,"Mycobacterium phage Whirlwind, complete genome",True
MH834618,2419960,Viruses,Arthrobacter phage Lunar,"Arthrobacter phage Lunar, complete genome",True
NC_019526,1147094,Viruses,Klebsiella phage vB_KleM_RaK2,"Enterobacteria phage vB_KleM-RaK2, complete genome",True
MF140409,2015858,Viruses,Arthrobacter phage Elkhorn,"Arthrobacter phage Elkhorn, complete genome",True
NC_008197,373409,Viruses,Mycobacterium phage Orion,"Mycobacterium phage Orion, complete genome",True
MH669017,2301572,Viruses,Mycobacterium phage Zelink,"Mycobacterium phage Zelink, complete genome",True
NC_017968,1168613,Viruses,Staphylococcus phage TEM123,"Staphylococcus phage TEM123, complete genome",True
MH669010,2301568,Viruses,Mycobacterium phage PHappiness,"Mycobacterium phage PHappiness, complete genome",True
JX307702,2902839,Viruses,Mycobacterium phage Arturo,"Mycobacterium phage Arturo, complete genome",True
JF937098,2922205,Viruses,Mycobacterium phage Ibhubesi,"Mycobacterium phage Ibhubesi, complete genome",True
MF919506,2041531,Viruses,Mycobacterium phage FireRed,"Mycobacterium phage FireRed, complete genome",True
KU998248,1838081,Viruses,Gordonia phage Utz,"Gordonia phage Utz, complete genome",True
MH399770,2250372,Viruses,Mycobacterium phage Biglebops,"Mycobacterium phage Biglebops, complete genome",True
KR997933,1675552,Viruses,Mycobacterium phage Madruga,"Mycobacterium phage Madruga, complete genome",True
NC_021556,1327952,Viruses,Mycobacterium phage Leo,"Mycobacterium phage Leo, complete genome",True
KT355474,1698365,Viruses,Mycobacterium phage Frosty24,"Mycobacterium phage Frosty24, complete genome",True
NC_013756,694581,Viruses,Marseillevirus marseillevirus,"Marseillevirus marseillevirus strain T19, complete genome",True
NC_011056,2914016,Viruses,Mycobacterium phage Kostya,"Mycobacterium phage Kostya, complete genome",True
NC_026589,1567475,Viruses,Mycobacterium phage Sbash,"Mycobacterium phage Sbash, complete genome",True
NC_020479,2880541,Viruses,Bacillus phage Curly,"Bacillus phage Curly, complete genome",True
NC_037667,2107709,Viruses,Pandoravirus quercus,"Pandoravirus quercus, complete genome",True
NC_020201,1116482,Viruses,Pectobacterium phage phiTE,"Pectobacterium phage phiTE, complete genome",True
NC_022066,1340709,Viruses,Mycobacterium phage Redno2,"Mycobacterium phage Redno2, complete genome",True
NC_029094,1654919,Viruses,Pseudoalteromonas phage H101,"Pseudoalteromonas phage H101, complete genome",True
MH020245,2126788,Viruses,Mycobacterium phage SgtBeansprout,"Mycobacterium phage SgtBeansprout, complete genome",True
KY471269,1958908,Viruses,Gordonia phage DinoDaryn,"Gordonia phage DinoDaryn, complete genome",True
NC_004589,198543,Viruses,Streptococcus phage 315.6,"Streptococcus prophage 315.6, complete genome",True
NC_007056,2936814,Viruses,Staphylococcus phage EW,"Staphylococcus phage EW, complete genome",True
MK359366,2502484,Viruses,Mycobacterium phage Basquiat,"Mycobacterium phage Basquiat, complete genome",True
MH513978,2250306,Viruses,Mycobacterium phage Phaja,"Mycobacterium phage Phaja, complete genome",True
MH338235,2234073,Viruses,Mycobacterium phage Dublin,"Mycobacterium phage Dublin, complete genome",True
NC_023686,1089122,Viruses,Mycobacterium phage Gadjet,"Mycobacterium phage Gadjet, complete genome",True
NC_020081,1204533,Viruses,Bacillus phage phiAGATE,"Bacillus phage phiAGATE, complete genome",True
KJ829260,1505226,Viruses,Mycobacterium phage YungJamal,"Mycobacterium phage YungJamal, complete genome",True
KY012363,1913118,Viruses,Mycobacterium phage Empress,"Mycobacterium phage Empress, complete genome",True
KT365398,1701800,Viruses,Mycobacterium phage DTDevon,"Mycobacterium phage DTDevon, complete genome",True
NC_024368,1498204,Viruses,Mycobacterium phage Pinto,"Mycobacterium phage Pinto, complete genome",True
MK376962,2507863,Viruses,Gordonia phage NosilaM,"Gordonia phage NosilaM, complete genome",True
NC_022769,1406781,Viruses,Bacillus phage BigBertha,"Bacillus phage BigBertha, complete genome",True
NC_019489,947981,Viruses,Lactobacillus phage Sha1,"Lactobacillus phage Sha1, complete genome",True
NC_022981,1430411,Viruses,Mycobacterium phage HufflyPuff,"Mycobacterium phage HufflyPuff, complete genome",True
NC_001978,10719,Viruses,Lomovskayavirus C31,Bacteriophage phi-C31 complete genome,True
MK279875,2499016,Viruses,Arthrobacter phage Riverdale,"Arthrobacter phage Riverdale, complete genome",True
KU160641,1772294,Viruses,Arthrobacter phage CapnMurica,"Arthrobacter phage CapnMurica, complete genome",True
NC_022983,1429903,Viruses,Mycobacterium phage Bernardo,"Mycobacterium phage Bernardo, complete genome",True
MH155870,2182397,Viruses,Streptomyces phage Ibantik,"Streptomyces phage Ibantik, complete genome",True
MF373840,2015809,Viruses,Mycobacterium phage Fred313,"Mycobacterium phage Fred313, complete genome",True
NC_028759,1718600,Viruses,Mycobacterium phage Mufasa,"Mycobacterium phage Mufasa, complete genome",True
JF957060,1032895,Viruses,Mycobacterium phage Timshel,"Mycobacterium phage Timshel, complete genome",True
NC_031118,1887644,Viruses,Gordonia phage CarolAnn,"Gordonia phage CarolAnn, complete genome",True
MK112530,2488962,Viruses,Mycobacterium phage BigPaolini,"Mycobacterium phage BigPaolini, complete genome",True
KR063279,1647284,Viruses,Gordonia phage GMA3,"Gordonia phage GMA3, complete genome",True
KX557279,1887648,Viruses,Gordonia phage Hedwig,"Gordonia phage Hedwig, complete genome",True
NC_031911,1792272,Viruses,Flavobacterium phage 1H,"Flavobacterium phage 1H, complete genome",True
KP027196,1567468,Viruses,Mycobacterium phage Edtherson,"Mycobacterium phage Edtherson, complete genome",True
NC_019511,2927988,Viruses,Staphylococcus phage SA11,"Staphylococcus phage SA11, complete genome",True
JN699013,1089131,Viruses,Mycobacterium phage Pio,"Mycobacterium phage Pio, complete genome",True
NC_030908,1777053,Viruses,Pseudomonas phage JBD69,"Pseudomonas phage JBD69, complete genome",True
MF919526,2041544,Viruses,Mycobacterium phage Phasih,"Mycobacterium phage Phasih, complete genome",True
NC_019514,1051675,Viruses,Erwinia phage vB_EamP-S6,"Erwinia phage vB_EamP-S6, complete genome",True
NC_028965,1698417,Viruses,Mycobacterium phage Pioneer,"Mycobacterium phage Pioneer, complete genome",True
MK279907,2499004,Viruses,Arthrobacter phage HeadNerd,"Arthrobacter phage HeadNerd, complete genome",True
MH020237,2126814,Viruses,Mycobacterium phage Jsquared,"Mycobacterium phage Jsquared, complete genome",True
MH178382,2182343,Viruses,Streptomyces phage Salete,"Streptomyces phage Salete, complete genome",True
NC_024384,1458852,Viruses,Listeria phage LP-030-3,"Listeria phage LP-030-3, complete genome",True
KX611788,1897551,Viruses,Rhodococcus phage Harlequin,"Rhodococcus phage Harlequin, complete genome",True
NC_031252,1796994,Viruses,Arthrobacter phage BarretLemon,"Arthrobacter phage BarretLemon, complete genome",True
NC_018863,1141133,Viruses,Bacillus phage B4,"Bacillus phage B4, complete genome",True
NC_019402,1141137,Viruses,Cronobacter phage vB_CsaP_GAP52,"Cronobacter phage vB_CsaP_GAP52, complete genome",True
NC_022334,1235654,Viruses,Propionibacterium phage PHL112N00,"Propionibacterium phage PHL112N00, complete genome",True
MH271310,2201440,Viruses,Microbacterium phage Pioneer3,"Microbacterium phage Pioneer3, complete genome",True
KY365739,1933692,Viruses,Streptomyces phage BabyGotBac,"Streptomyces phage BabyGotBac, complete genome",True
NC_029024,2880539,Viruses,Bacillus phage 250,"Bacillus phage 250, complete genome",True
NC_028878,1718599,Viruses,Mycobacterium phage Archie,"Mycobacterium phage Archie, complete genome",True
KX648373,1897499,Viruses,Mycobacterium phage Cocoaberry,"Mycobacterium phage Cocoaberry, complete genome",True
MH651181,2301698,Viruses,Microbacterium phage Minima,"Microbacterium phage Minima, complete genome",True
NC_022975,1429904,Viruses,Mycobacterium phage HanShotFirst,"Mycobacterium phage HanShotFirst, complete genome",True
MK112542,2488970,Viruses,Mycobacterium phage Jillium,"Mycobacterium phage Jillium, complete genome",True
NC_015294,743813,Viruses,Pseudomonas phage PAK_P1,"Pseudomonas phage PAK_P1, complete genome",True
NC_016654,1109714,Viruses,Rhodococcus phage REQ3,"Rhodococcus phage REQ3, complete genome",True
MH834608,2419953,Viruses,Arthrobacter phage Cote,"Arthrobacter phage Cote, complete genome",True
NC_028820,1589265,Viruses,Yersinia phage vB_YenM_TG1,"Yersinia phage vB_YenM_TG1, complete genome",True
NC_015158,979533,Viruses,Vibrio phage ICP2,"Vibrio phage ICP2, complete genome",True
JN699004,1089112,Viruses,Mycobacterium phage Ares,"Mycobacterium phage Ares, complete genome",True
MK279909,2499037,Viruses,Mycobacterium phage DrLupo,"Mycobacterium phage DrLupo, complete genome",True
NC_034248,1220717,Viruses,Rhizobium phage RHEph10,"Rhizobium phage RHEph10, complete genome",True
MH271321,2992929,Viruses,Microbacterium phage Quhwah,"Microbacterium phage Quhwah, complete genome",True
NC_028898,1572744,Viruses,Mannheimia phage vB_MhM_587AP1,"Mannheimia phage vB_MhM_587AP1, complete genome",True
NC_022774,1406790,Viruses,Bacillus phage Slash,"Bacillus phage Slash, complete genome",True
MF919514,2041512,Viruses,Gordonia phage Lennon,"Gordonia phage Lennon, complete genome",True
MG099937,2047835,Viruses,Mycobacterium phage Aragog,"Mycobacterium phage Aragog, complete genome",True
KX670788,1897523,Viruses,Mycobacterium phage Louie6,"Mycobacterium phage Louie6, complete genome",True
NC_028961,1698712,Viruses,Mycobacterium phage PopTart,"Mycobacterium phage PopTart, complete genome",True
KX712237,1897441,Viruses,Rhodococcus phage Partridge,"Rhodococcus phage Partridge, complete genome",True
KX621007,1897500,Viruses,Mycobacterium phage Taquito,"Mycobacterium phage Taquito, complete genome",True
NC_019504,1051676,Viruses,Erwinia phage vB_EamM-Y2,"Erwinia phage vB_EamM-Y2, complete genome",True
KT326767,1698419,Viruses,Mycobacterium phage Texage,"Mycobacterium phage Texage, complete genome",True
MH338240,2234078,Viruses,Mycobacterium phage Sabia,"Mycobacterium phage Sabia, complete genome",True
NC_027389,1500821,Viruses,Propionibacterium phage PHL141N00,"Propionibacterium phage PHL141N00, complete genome",True
MH045558,2126927,Viruses,Microbacterium phage Dave,"Microbacterium phage Dave, complete genome",True
NC_020484,1283076,Viruses,Pelagibacter phage HTVC008M,"Pelagibacter phage HTVC008M, complete genome",True
NC_020847,889955,Viruses,Prochlorococcus phage MED4-184,Cyanophage MED4-184 genomic sequence,True
MH020248,2126789,Viruses,Mycobacterium phage Panamaxus,"Mycobacterium phage Panamaxus, complete genome",True
MH834628,2419969,Viruses,Arthrobacter phage Sputnik,"Arthrobacter phage Sputnik, complete genome",True
KP017311,1567452,Viruses,Mycobacterium phage Spike509,"Mycobacterium phage Spike509, complete genome",True
KU998240,1838084,Viruses,Gordonia phage Woes,"Gordonia phage Woes, complete genome",True
MK524522,2530142,Viruses,Mycobacterium phage Purgamenstris,"Mycobacterium phage Purgamenstris, complete genome",True
NC_011291,2902904,Viruses,Mycobacterium phage Brujita,"Mycobacterium phage Brujita, complete genome",True
NC_019521,1150991,Viruses,Sphingomonas phage PAU,"Sphingomonas phage PAU, complete genome",True
MG872841,2081627,Viruses,Mycobacterium phage Priscilla,"Mycobacterium phage Priscilla, complete genome",True
MH727563,2301608,Viruses,Mycobacterium phage Wizard007,"Mycobacterium phage Wizard007, complete genome",True
NC_008694,369257,Viruses,Yersinia phage Berlin,"Yersinia phage Berlin, complete genome",True
NC_031909,1541686,Viruses,Campylobacter phage PC14,"Campylobacter phage PC14, complete genome",True
NC_005885,279303,Viruses,Actinoplanes phage phiAsp2,"Actinoplanes phage phiAsp2, complete genome",True
NC_025822,1151014,Viruses,Vibrio phage phi-A318,"Vibrio phage phi-A318, complete genome",True
NC_011290,561998,Viruses,Mycobacterium phage Gumball,"Mycobacterium phage Gumball, complete genome",True
MF185729,2015846,Viruses,Mycobacterium phage KADY,"Mycobacterium phage KADY, complete genome",True
MH051260,2126958,Viruses,Mycobacterium phage InterFolia,"Mycobacterium phage InterFolia, complete genome",True
NC_011398,2849704,Viruses,Clostridioides phage phiCD27,"Clostridioides phage phiCD27, complete genome",True
MG920059,2099645,Viruses,Mycobacterium phage Baloo,"Mycobacterium phage Baloo, complete genome",True
NC_011289,2914020,Viruses,Mycobacterium phage Ramsey,"Mycobacterium phage Ramsey, complete genome",True
MK359358,2502477,Viruses,Mycobacterium phage Essence,"Mycobacterium phage Essence, complete genome",True
NC_031125,1815510,Viruses,Lactobacillus phage PLE3,"Lactobacillus phage PLE3, complete genome",True
MH230878,2178922,Viruses,Mycobacterium phage Oogway,"Mycobacterium phage Oogway, complete genome",True
NC_023579,1429767,Viruses,Erwinia phage Ea9-2,"Erwinia phage Ea9-2, complete genome",True
MK279863,2499008,Viruses,Arthrobacter phage Litotes,"Arthrobacter phage Litotes, complete genome",True
NC_029014,1655645,Viruses,Parabacteroides phage YZ-2015b,"Parabacteroides phage YZ-2015b, complete genome",True
NC_001741,2003327,Viruses,Chlamydiaunovirus Chp1,"Chlamydia phage Chp1, complete genome",True
NC_026584,1527513,Viruses,Mycobacterium phage Minerva,"Mycobacterium phage Minerva, complete genome",True
NC_028809,1175663,Viruses,Pseudomonas phage PaMx74,"Pseudomonas phage PaMx74, partial genome",True
NC_031281,1821537,Viruses,Mycobacterium phage Panchino,"Mycobacterium phage Panchino, complete genome",True
KT124227,1690426,Viruses,Streptomyces phage Aaronocolus,"Streptomyces phage Aaronocolus, complete genome",True
NC_019917,2886899,Viruses,Burkholderia phage BcepMigl,"Burkholderia phage BcepMigl, complete genome",True
NC_031077,1864623,Viruses,Enterobacter phage Tyrion,"Enterobacter phage Tyrion, complete genome",True
NC_028986,1034128,Viruses,Mycobacterium phage Alice,"Mycobacterium phage Alice, complete sequence",True
KY092479,1920308,Viruses,Streptomyces phage Ididsumtinwong,"Streptomyces phage Ididsumtinwong, complete genome",True
MK279872,2499014,Viruses,Arthrobacter phage Pterodactyl,"Arthrobacter phage Pterodactyl, complete genome",True
MH051255,2126952,Viruses,Mycobacterium phage Leston,"Mycobacterium phage Leston, complete genome",True
MH371118,2250350,Viruses,Microbacterium phage KayPaulus,"Microbacterium phage KayPaulus, complete genome",True
NC_004831,2907955,Viruses,Salmonella phage SP6,"Enterobacteria phage SP6, complete genome",True
NC_020998,1282967,Viruses,Haloarcula hispanica virus PH1,"Halovirus PH1, complete genome",True
GQ303261,663555,Viruses,Mycobacterium phage Hope,"Mycobacterium phage Hope, complete genome",True
MF541407,2024290,Viruses,Streptomyces phage Esperer,"Streptomyces phage Esperer, complete genome",True
MH576950,2283239,Viruses,Arthrobacter phage CGermain,"Arthrobacter phage CGermain, complete genome",True
NC_028668,1647284,Viruses,Gordonia phage GMA3,"Gordonia phage GMA3, complete genome",True
NC_028848,1647373,Viruses,Acinetobacter phage Fri1,"Acinetobacter phage Fri1, complete genome",True
NC_028782,1675598,Viruses,Bacillus phage Pavlov,"Bacillus phage Pavlov, complete genome",True
JN116825,1109712,Viruses,Rhodococcus phage REQ1,"Rhodococcus phage REQ1, complete genome",True
KJ959632,1555201,Viruses,Mycobacterium phage Equemioh13,"Mycobacterium phage Equemioh13, complete genome",True
MH513975,2250303,Viruses,Mycobacterium phage Misomonster,"Mycobacterium phage Misomonster, complete genome",True
NC_019414,10732,Viruses,Streptomyces phage R4,"Streptomyces phage R4, complete genome",True
NC_000872,2905688,Viruses,Streptococcus phage Sfi21,"Streptococcus phage Sfi21, complete genome",True
NC_028693,1747288,Viruses,Enterococcus phage vB_EfaP_IME195,"Enterococcus phage vB_EfaP_IME195, complete genome",True
NC_024361,1448273,Viruses,Streptococcus phage DCC1738,"Streptococcus phage DCC1738, complete sequence",True
NC_028702,1647385,Viruses,Delftia phage IME-DE1,"Delftia phage IME-DE1, complete genome",True
KR337646,1655023,Viruses,Propionibacterium phage Wizzo,"Propionibacterium phage Wizzo, complete genome",True
KM677211,1560286,Viruses,Mycobacterium phage Murucutumbu,"Mycobacterium phage Murucutumbu, complete genome",True
MH976510,2483668,Viruses,Gordonia phage Fosterous,"Gordonia phage Fosterous, complete genome",True
NC_016562,2885911,Viruses,Campylobacter phage CPX,"Campylobacter phage CPX, complete genome",True
NC_024214,1476889,Viruses,Lactococcus phage P162,"Lactococcus phage P162, complete genome",True
KX557286,1887655,Viruses,Gordonia phage Twister6,"Gordonia phage Twister6, complete genome",True
NC_027348,1563661,Viruses,Delftia phage RG-2014,"Delftia phage RG-2014, complete genome",True
NC_028659,1719140,Viruses,Klebsiella phage vB_KpnM_KB57,"Klebsiella phage vB_KpnM_KB57, complete genome",True
MG198782,2047866,Viruses,Arthrobacter phage MeganNoll,"Arthrobacter phage MeganNoll, complete genome",True
MH910041,2419611,Viruses,Arthrobacter phage Seahorse,"Arthrobacter phage Seahorse, complete genome",True
NC_015284,445696,Viruses,Prochlorococcus phage P-HM2,"Prochlorococcus phage P-HM2, complete genome",True
NC_029092,1701809,Viruses,Caulobacter phage Percy,"Caulobacter phage Percy, complete genome",True
MK279889,2499066,Viruses,Mycobacterium phage Valjean,"Mycobacterium phage Valjean, complete genome",True
MK279859,2499045,Viruses,Mycobacterium phage Kwadwo,"Mycobacterium phage Kwadwo, complete genome",True
MF541404,2024287,Viruses,Streptomyces phage BryanRecycles,"Streptomyces phage BryanRecycles, complete genome",True
NC_024785,1505225,Viruses,Acinetobacter phage YMC-13-01-C62,"Acinetobacter phage YMC-13-01-C62, complete genome",True
NC_031087,1852625,Viruses,Klebsiella phage vB_KpnM_KpV477,"Klebsiella phage vB_KpnM_KpV477, complete genome",True
MK279865,2499049,Viruses,Mycobacterium phage Mecca,"Mycobacterium phage Mecca, complete genome",True
NC_031271,1543201,Viruses,Salmonella phage BP12B,"Salmonella phage BP12B, complete genome",True
NC_003460,189836,Viruses,Propionibacterium phage B5,"Propionibacterium phage B5, complete genome",True
MK359365,2502483,Viruses,Mycobacterium phage Loanshark,"Mycobacterium phage Loanshark, complete genome",True
JF704104,1034151,Viruses,Mycobacterium phage Zemanar,"Mycobacterium phage Zemanar, complete sequence",True
NC_016434,319522,Viruses,Gordonia phage GTE5,"Gordonia phage GTE5, complete genome",True
NC_024149,1486423,Viruses,Lactococcus phage WP-2,"Lactoccocus phage WP-2, complete genome",True
NC_019418,1239381,Viruses,Streptococcus phage phiNJ2,"Streptococcus phage phiNJ2, complete genome",True
KC661276,1327778,Viruses,Mycobacterium phage Winky,"Mycobacterium phage Winky, complete genome",True
NC_028670,1747282,Viruses,Klebsiella phage KpV41,"Klebsiella phage vB_KpnP_KpV41, complete genome",True
NC_021327,1273748,Viruses,Halovirus HCTV-5,"Halovirus HCTV-5, complete genome",True
NC_029013,1673887,Viruses,Citrobacter phage IME-CF2,"Citrobacter phage IME-CF2, complete genome",True
MH077582,2163595,Viruses,Mycobacterium phage Olive,"Mycobacterium phage Olive, complete genome",True
MK279883,2499062,Viruses,Mycobacterium phage Struggle,"Mycobacterium phage Struggle, complete genome",True
MK284519,2500575,Viruses,Mycobacterium phage Norbert,"Mycobacterium phage Norbert, complete genome",True
NC_013638,1450169,Viruses,Pseudomonas phage phi2,"Pseudomonas phage phi-2, complete genome",True
MH727554,2301606,Viruses,Mycobacterium phage MuchMore,"Mycobacterium phage MuchMore, complete genome",True
KX685355,1897484,Viruses,Mycobacterium phage Qobbit,"Mycobacterium phage Qobbit, complete genome",True
NC_007189,334856,Viruses,Stenotrophomonas phage SMA9,"Stenotrophomonas phage phiSMA9, complete genome",True
NC_013195,668618,Viruses,Staphylococcus phage P954,"Staphylococcus phage P954, complete genome",True
NC_029022,1567014,Viruses,Clostridium phage phiCT9441A,"Clostridium phage phiCT9441A, complete genome",True
NC_029101,1636189,Viruses,Pseudomonas phage YH30,"Pseudomonas phage YH30, complete genome",True
MG962367,2094132,Viruses,Microbacterium phage Gelo,"Microbacterium phage Gelo, complete genome",True
NC_029083,1716042,Viruses,Pseudomonas phage PaoP5,"Pseudomonas phage PaoP5, complete genome",True
MG099938,2047836,Viruses,Mycobacterium phage Archetta,"Mycobacterium phage Archetta, complete genome",True
KM233455,1527517,Viruses,Mycobacterium phage Farber,"Mycobacterium phage Farber, complete genome",True
MG593800,2059880,Viruses,Streptomyces phage AbbeyMikolon,"Streptomyces phage AbbeyMikolon, complete genome",True
MK359361,2502479,Viruses,Mycobacterium phage Darko,"Mycobacterium phage Darko, complete genome",True
NC_031919,1814288,Viruses,Flavobacterium phage Fpv8,"Flavobacterium phage Fpv8, complete genome",True
NC_015290,445688,Viruses,Prochlorococcus phage P-SSM7,"Prochlorococcus phage P-SSM7, complete genome",True
NC_013650,663554,Viruses,Mycobacterium phage ET08,"Mycobacterium phage ET08, complete genome",True
JN561150,1074829,Viruses,Mycobacterium phage TiroTheta9,"Mycobacterium phage TiroTheta9, complete genome",True
KU963246,1821562,Viruses,Gordonia phage SoilAssassin,"Gordonia phage SoilAssassin, complete genome",True
KX774321,1897437,Viruses,Rhodococcus phage Weasels2,"Rhodococcus phage Weasels2, complete genome",True
NC_015266,910474,Viruses,Burkholderia phage KL3,"Burkholderia phage KL3, complete genome",True
NC_021534,754051,Viruses,Vibrio phage pYD38-A,Vibrio phage pYD38-A genomic sequence,True
NC_028990,1747289,Viruses,Enterococcus phage vB_EfaS_IME196,"Enterococcus phage vB_EfaS_IME196, complete genome",True
MG099953,2047847,Viruses,Mycobacterium phage Youngblood,"Mycobacterium phage Youngblood, complete genome",True
KY087992,1917488,Viruses,Mycobacterium phage Mitti,"Mycobacterium phage Mitti, complete genome",True
NC_018275,1168548,Viruses,Salmonella phage vB_SemP_Emek,"Salmonella phage vB_SemP_Emek, complete genome",True
NC_024380,1262520,Viruses,Leuconostoc phage phiLN6B,"Leuconostoc phage phiLN6B, complete genome",True
KX557287,1887656,Viruses,Gordonia phage Zirinka,"Gordonia phage Zirinka, complete genome",True
NC_011085,526118,Viruses,Morganella phage MmP1,"Morganella phage MmP1, complete genome",True
MH576965,2283265,Viruses,Streptomyces phage StarPlatinum,"Streptomyces phage StarPlatinum, complete genome",True
NC_021868,1208587,Viruses,Streptococcus phage SP-QS1,Streptococcus phage SP-QS1 complete genome,True
NC_024209,1458711,Viruses,Mycobacterium phage Hawkeye,"Mycobacterium phage Hawkeye, complete genome",True
NC_008195,373406,Viruses,Mycobacterium phage Cooper,"Mycobacterium phage Cooper, complete genome",True
MH450123,2250414,Viruses,Arthrobacter phage MargaretKali,"Arthrobacter phage MargaretKali, complete genome",True
NC_020858,754045,Viruses,Sulfitobacter phage pCB2047-A,"Sulfitobacter phage pCB2047-A, complete genome",True
NC_028661,1755692,Viruses,Pseudomonas phage PPPL-1,"Pseudomonas phage PPPL-1, complete genome",True
NC_025415,1500734,Viruses,Lactobacillus phage Ld25A,"Lactobacillus phage Ld25A, complete genome",True
KY092483,1920307,Viruses,Streptomyces phage Bioscum,"Streptomyces phage Bioscum, complete genome",True
NC_026601,1548918,Viruses,Pseudomonas phage vB_PaeS_PAO1_Ab30,"Pseudomonas phage vB_PaeS_PAO1_Ab30, complete genome",True
MK112529,2488953,Viruses,Arthrobacter phage BigMack,"Arthrobacter phage BigMack, complete genome",True
NC_028683,1608310,Viruses,Edwardsiella phage PEi20,"Edwardsiella phage PEi20 DNA, complete sequence",True
MH045555,2126924,Viruses,Microbacterium phage BeeBee8,"Microbacterium phage BeeBee8, complete genome",True
KR347354,1654781,Viruses,Propionibacterium phage Moyashi,"Propionibacterium phage Moyashi, complete genome",True
MH834617,2419980,Viruses,Mycobacterium phage Lizziana,"Mycobacterium phage Lizziana, complete genome",True
KX855962,1913080,Viruses,Arthrobacter phage HumptyDumpty,"Arthrobacter phage HumptyDumpty, complete genome",True
MH669011,2301569,Viruses,Mycobacterium phage PherrisBueller,"Mycobacterium phage PherrisBueller, complete genome",True
NC_020856,754043,Viruses,Sulfitobacter phage pCB2047-C,"Sulfitobacter phage pCB2047-C, complete genome",True
MG872843,2081629,Viruses,Mycobacterium phage Sotrice96,"Mycobacterium phage Sotrice96, complete genome",True
KR997967,1675554,Viruses,Mycobacterium phage Pops,"Mycobacterium phage Pops, complete genome",True
NC_022060,1340821,Viruses,Mycobacterium phage Velveteen,"Mycobacterium phage Velveteen, complete genome",True
MH834622,2419964,Viruses,Arthrobacter phage Noely,"Arthrobacter phage Noely, complete genome",True
NC_012696,490913,Viruses,Sulfitobacter phage EE36phi1,"Roseophage EE36P1, complete genome",True
KX610764,1897501,Viruses,Mycobacterium phage Kersh,"Mycobacterium phage Kersh, complete genome",True
NC_030929,1777052,Viruses,Pseudomonas phage JBD44,"Pseudomonas phage JBD44, complete genome",True
NC_026605,1567472,Viruses,Mycobacterium phage Malithi,"Mycobacterium phage Malithi, complete genome",True
NC_028829,1610855,Viruses,Vibrio phage ValKK3,"Vibrio phage ValKK3, complete genome",True
NC_031129,1815968,Viruses,Salmonella phage SJ46,"Salmonella phage SJ46, complete genome",True
MH047632,2126723,Viruses,Mycobacterium phage Puppy,"Mycobacterium phage Puppy, complete genome",True
KM363597,1541820,Viruses,Mycobacterium phage Zonia,"Mycobacteriophage Zonia, complete genome",True
NC_020197,73422,Viruses,Streptococcus phage TP-J34,Streptococcus phage TP-J34 complete genome,True
NC_026585,1536603,Viruses,Mycobacterium phage Estave1,"Mycobacteriophage Estave1, complete genome",True
NC_022091,1225790,Viruses,Pseudomonas phage MPK7,"Pseudomonas phage MPK7, complete genome",True
NC_001706,2681624,Viruses,Lactococcus phage c2,"Lactobacillus phage c2, complete genome",True
MH651170,2301703,Viruses,Mycobacterium phage ChampagnePapi,"Mycobacterium phage ChampagnePapi, complete genome",True
NC_017981,1129194,Viruses,Xanthomonas phage vB_XveM_DIBBI,"Xanthomonas phage vB_XveM_DIBBI, complete genome",True
MH155864,2182392,Viruses,Mycobacterium phage Beauxregard13,"Mycobacterium phage Beauxregard13, complete genome",True
NC_021561,929835,Viruses,Vibrio phage pYD38-B,Vibrio phage pYD38-B genomic sequence,True
KU963255,1821558,Viruses,Gordonia phage Nymphadora,"Gordonia phage Nymphadora, complete genome",True
MH926060,2483721,Viruses,Mycobacterium phage Schadenfreude,"Mycobacterium phage Schadenfreude, complete genome",True
KR053197,1647473,Viruses,Gordonia phage GRU3,"Gordonia phage GRU3, complete genome",True
MH450117,2250410,Viruses,Arthrobacter phage Daiboju,"Arthrobacter phage Daiboju, complete genome",True
NC_020855,929832,Viruses,Cyanophage P-RSM6,Cyanophage P-RSM6 genomic sequence,True
NC_028998,1391456,Viruses,Phormidium phage MIS-PhV1B,"MAG: Phormidium phage MIS-PhV1B, complete genome",True
NC_026599,1548906,Viruses,Pseudomonas phage vB_PaeP_C2-10_Ab22,"Pseudomonas phage vB_PaeP_C2-10_Ab22, complete genome",True
NC_022053,1383056,Viruses,Mycobacterium phage Papyrus,"Mycobacterium phage Papyrus, complete genome",True
MK279879,2499059,Viruses,Mycobacterium phage SassyCat97,"Mycobacterium phage SassyCat97, complete genome",True
KR063281,1647283,Viruses,Gordonia phage GMA2,"Gordonia phage GMA2, complete genome",True
KU963263,1821549,Viruses,Gordonia phage BaxterFox,"Gordonia phage BaxterFox, complete genome",True
NC_031918,1813769,Viruses,Salmonella phage 64795_sal3,"Salmonella phage 64795_sal3, complete genome",True
NC_015251,2919549,Viruses,Aeromonas phage 65,"Aeromonas phage 65, complete genome",True
NC_023733,1088865,Viruses,Mycobacterium phage MoMoMixon,"Mycobacterium phage MoMoMixon, complete genome",True
KT281789,1698709,Viruses,Mycobacterium phage Enkosi,"Mycobacterium phage Enkosi, complete genome",True
NC_028865,1636545,Viruses,Tsukamurella phage TIN2,"Tsukamurella phage TIN2, complete genome",True
MF919498,2041524,Viruses,Mycobacterium phage Cindaradix,"Mycobacterium phage Cindaradix, complete genome",True
NC_011270,546808,Viruses,Mycobacterium phage Spud,"Mycobacterium phage Spud, complete genome",True
NC_022067,1340713,Viruses,Mycobacterium phage Wanda,"Mycobacterium phage Wanda, complete genome",True
JF704117,2920892,Viruses,Mycobacterium phage RockyHorror,"Mycobacterium phage RockyHorror, complete genome",True
NC_023568,1262539,Viruses,Vibrio phage VH7D,"Vibrio phage VH7D, complete genome",True
NC_019411,2927984,Viruses,Caulobacter phage CcrSwift,"Caulobacter phage CcrSwift, complete genome",True
NC_011272,546806,Viruses,Mycobacterium phage Rizal,"Mycobacterium phage Rizal, complete genome",True
NC_021310,1327766,Viruses,Mycobacterium phage Newman,"Mycobacterium phage Newman, complete genome",True
NC_021347,1007869,Viruses,Rhodococcus phage E3,"Rhodococcus phage E3, complete genome",True
NC_024123,1462608,Viruses,Pseudomonas phage KPP25,"Pseudomonas phage KPP25 DNA, complete sequence",True
NC_011201,551790,Viruses,Ralstonia phage RSB1,"Ralstonia phage RSB1, complete genome",True
NC_011288,2914018,Viruses,Mycobacterium phage Fruitloop,"Mycobacterium phage Fruitloop, complete genome",True
MK524526,2530145,Viruses,Mycobacterium phage Robyn,"Mycobacterium phage Robyn, complete genome",True
MH479911,2250401,Viruses,Mycobacterium phage Eapen,"Mycobacterium phage Eapen, complete genome",True
MH536812,2250319,Viruses,Gordonia phage Apricot,"Gordonia phage Apricot, complete genome",True
NC_023590,1458669,Viruses,Acinetobacter phage IMEAB3,"Acinetobacter phage IME_AB3, complete genome",True
KU963260,1821552,Viruses,Gordonia phage Emalyn,"Gordonia phage Emalyn, complete genome",True
NC_013598,2919543,Viruses,Streptococcus phage ALQ13.2,"Streptococcus phage ALQ13.2, complete genome",True
MH697587,2301552,Viruses,Mycobacterium phage IPhane7,"Mycobacterium phage IPhane7, complete genome",True
NC_017865,1141525,Viruses,Pseudomonas phage vB_Pae-TbilisiM32,"Pseudomonas phage vB_Pae-TbilisiM32, complete genome",True
MK016495,2484206,Viruses,Microbacterium phage Goodman,"Microbacterium phage Goodman, complete genome",True
MG962360,2094142,Viruses,Microbacterium phage AlexAdler,"Microbacterium phage AlexAdler, complete genome",True
MK524523,2530135,Viruses,Mycobacterium phage Naira,"Mycobacterium phage Naira, complete genome",True
MF766045,2041206,Viruses,Streptomyces phage Daudau,"Streptomyces phage Daudau, complete genome",True
NC_031018,1805467,Viruses,Citrobacter phage SH4,"Citrobacter phage SH4, complete genome",True
JX042579,2927982,Viruses,Mycobacterium phage MacnCheese,"Mycobacterium phage MacnCheese, complete genome",True
NC_031061,1821558,Viruses,Gordonia phage Nymphadora,"Gordonia phage Nymphadora, complete genome",True
NC_028944,1690431,Viruses,Bacillus phage Eyuki,"Bacillus phage Eyuki, complete genome",True
MK359327,2502456,Viruses,Mycobacterium phage EmToTheThree,"Mycobacterium phage EmToTheThree, complete genome",True
NC_028871,1591072,Viruses,Listeria phage vB_LmoS_188,"Listeria phage vB_LmoS_188, complete genome",True
KX808131,1913038,Viruses,Mycobacterium phage SuperGrey,"Mycobacterium phage SuperGrey, complete genome",True
KX855961,1913079,Viruses,Arthrobacter phage EdgarPoe,"Arthrobacter phage EdgarPoe, complete genome",True
NC_031021,1868170,Viruses,Salmonella phage MA12,"Salmonella phage MA12, complete genome",True
KT388014,1701849,Viruses,Mycobacterium phage Turj99,"Mycobacterium phage Turj99, complete genome",True
MK524496,2530154,Viruses,Mycobacterium phage Veracruz,"Mycobacterium phage Veracruz, complete genome",True
NC_022070,1383054,Viruses,Mycobacterium phage Wheeler,"Mycobacteriophage Wheeler, complete genome",True
MK284520,2500572,Viruses,Gordonia phage Lilas,"Gordonia phage Lilas, complete genome",True
MH697577,2301540,Viruses,Mycobacterium phage Amochick,"Mycobacterium phage Amochick, complete genome",True
NC_031241,1792269,Viruses,Staphylococcus phage CNPx,"Staphylococcus phage CNPx, complete genome",True
MH825712,2315705,Viruses,Microbacterium phage ValentiniPuff,"Microbacterium phage ValentiniPuff, complete genome",True
NC_016763,1115478,Viruses,Salmonella phage SE2,"Salmonella phage SE2, complete genome",True
MF189178,2024283,Viruses,Arthrobacter phage Shade,"Arthrobacter phage Shade, complete genome",True
MH230879,2178923,Viruses,Mycobacterium phage Xavia,"Mycobacterium phage Xavia, complete genome",True
KX620749,1897533,Viruses,Propionibacterium phage B3,"Propionibacterium phage B3, complete genome",True
MH536821,2250329,Viruses,Mycobacterium phage Homura,"Mycobacterium phage Homura, complete genome",True
NC_016435,1109710,Viruses,Gordonia phage GRU1,"Gordonia phage GRU1, complete genome",True
NC_022969,1391181,Viruses,Mycobacterium phage PhatBacter,"Mycobacterium phage PhatBacter, complete genome",True
MG663586,2060090,Viruses,Streptomyces phage ZooBear,"Streptomyces phage ZooBear, complete genome",True
NC_018274,1161903,Viruses,Pseudomonas phage MP42,"Pseudomonas phage MP42, complete genome",True
MK279884,2499019,Viruses,Arthrobacter phage Supakev,"Arthrobacter phage Supakev, complete genome",True
KY385380,1933689,Viruses,Mycobacterium phage Ashraf,"Mycobacterium phage Ashraf, complete genome",True
JN699010,1089107,Viruses,Mycobacterium phage TallGrassMM,"Mycobacterium phage TallGrassMM, complete genome",True
NC_030936,1838061,Viruses,Gordonia phage Bachita,"Gordonia phage Bachita, complete genome",True
NC_028983,1296656,Viruses,Bacillus phage Shanette,"Bacillus phage Shanette, complete genome",True
NC_028846,1647313,Viruses,Mycobacterium phage ShedlockHolmes,"Mycobacterium phage ShedlockHolmes, complete genome",True
MF140420,2015863,Viruses,Arthrobacter phage Mariposa,"Arthrobacter phage Mariposa, complete genome",True
NC_001998,90963,Viruses,Chlamydia phage CPG1,"Guinea pig Chlamydia phage, complete genome",True
KR337650,1655015,Viruses,Propionibacterium phage Lauchelly,"Propionibacterium phage Lauchelly, complete genome",True
NC_015586,1027253,Viruses,Stenotrophomonas phage phiSHP2,"Stenotrophomonas phage phiSHP2, complete genome",True
NC_027294,1500822,Viruses,Propionibacterium phage PHL150M00,"Propionibacterium phage PHL150M00, complete genome",True
MH834611,2419956,Viruses,Arthrobacter phage Eileen,"Arthrobacter phage Eileen, complete genome",True
NC_028810,1698441,Viruses,Mycobacterium phage Rufus,"Mycobacterium phage Rufus, complete genome",True
NC_026609,1552735,Viruses,Lactobacillus phage Ldl1,"Lactobacillus phage Ldl1, complete genome",True
NC_031035,1891963,Viruses,Mycobacterium phage Gengar,"Mycobacterium phage Gengar, complete genome",True
NC_017980,1162304,Viruses,Clostridium phage phiCP7R,"Clostridium phage phiCP7R, complete genome",True
MH697578,2301541,Viruses,Mycobacterium phage Belladonna,"Mycobacterium phage Belladonna, complete genome",True
NC_013055,335797,Viruses,Burkholderia phage KS9,"Burkholderia phage KS9, complete genome",True
NC_003715,2928686,Viruses,Pseudomonas phage phi6,"Pseudomonas phage phi-6 segment L, complete sequence",True
NC_025428,1555208,Viruses,Ruegeria phage DSS3-P1,"Ruegeria phage DSS3-P1, complete genome",True
MH001456,2108122,Viruses,Mycobacterium phage CLED96,"Mycobacterium phage CLED96, complete genome",True
NC_031261,1821727,Viruses,Mycobacterium phage Shipwreck,"Mycobacterium phage Shipwreck, complete genome",True
MH536829,2250334,Viruses,Mycobacterium phage TBrady12,"Mycobacterium phage TBrady12, complete genome",True
MH651175,2301706,Viruses,Mycobacterium phage Gophee,"Mycobacterium phage Gophee, complete genome",True
NC_029002,1357715,Viruses,Microcystis phage MaMV-DC,"Microcystis phage MaMV-DC, complete genome",True
NC_023573,1450142,Viruses,Staphylococcus phage phiSA12,"Staphylococcus phage phiSA012 DNA, complete genome",True
NC_023583,1406974,Viruses,Pseudomonas phage TL,Pseudomonas phage TL complete genome,True
NC_027385,1500813,Viruses,Propionibacterium phage PHL092M00,"Propionibacterium phage PHL092M00, complete genome",True
KT783672,1735465,Viruses,Arthrobacter phage TymAbreu,"Arthrobacter phage TymAbreu, complete genome",True
NC_027393,1558467,Viruses,Vibrio phage J2,"Vibrio phage J2, complete genome",True
KT363731,1701845,Viruses,Mycobacterium phage TheloniousMonk,"Mycobacterium phage TheloniousMonk, complete genome",True
NC_023747,1084722,Viruses,Mycobacterium phage BarrelRoll,"Mycobacterium phage BarrelRoll, complete genome",True
NC_020874,382273,Viruses,Prochlorococcus phage P-SSP3,Prochlorococcus phage P-SSP3 genomic sequence,True
MH669004,2301573,Viruses,Streptomyces phage Hank144,"Streptomyces phage Hank144, complete genome",True
MG839029,2079584,Viruses,Microbacterium phage Ilzat,"Microbacterium phage Ilzat, complete genome",True
NC_024137,584892,Viruses,Bacillus phage Bcp1,"Bacillus phage Bcp1, complete genome",True
MH045569,2126937,Viruses,Mycobacterium phage Schiebel,"Mycobacterium phage Schiebel, complete genome",True
NC_029061,1636270,Viruses,Rhodoferax phage P26218,"Rhodoferax phage P26218, complete genome",True
NC_020482,1283078,Viruses,Pelagibacter phage HTVC011P,"Pelagibacter phage HTVC011P, complete genome",True
NC_023499,1308896,Viruses,Staphylococcus phage StauST398-4,"Staphylococcus phage StauST398-4, complete genome",True
MH019216,2126735,Viruses,Streptomyces phage Wentworth,"Streptomyces phage Wentworth, complete genome",True
NC_021336,1309583,Viruses,Bacillus phage MG-B1,"Bacillus phage MG-B1, complete genome",True
NC_022342,1235653,Viruses,Propionibacterium phage PHL111M01,"Propionibacterium phage PHL111M01, complete genome",True
KU160643,1772296,Viruses,Arthrobacter phage DrRobert,"Arthrobacter phage DrRobert, complete genome",True
KP027209,1567476,Viruses,Mycobacterium phage Sigman,"Mycobacterium phage Sigman, complete genome",True
NC_011613,2914008,Viruses,Pseudomonas phage MP29,"Pseudomonas phage MP29, complete genome",True
KU160644,1772326,Viruses,Arthrobacter phage Galaxy,"Arthrobacter phage Galaxy, complete genome",True
NC_027297,2991861,Viruses,Salmonella phage Stitch,"Salmonella phage Stitch, complete genome",True
NC_005294,12402,Viruses,Streptococcus phage EJ-1,"Streptococcus prophage EJ-1, complete genome",True
NC_023703,1089121,Viruses,Mycobacterium phage Dori,"Mycobacterium phage Dori, complete genome",True
MG944219,2099445,Viruses,Microbacterium phage PuppyEggo,"Microbacterium phage PuppyEggo, complete genome",True
MH779505,2315539,Viruses,Mycobacterium phage Grizzly,"Mycobacterium phage Grizzly, complete genome",True
NC_028680,1735466,Viruses,Mycobacterium phage Pepe,"Mycobacterium phage Pepe, complete genome",True
NC_023564,1429759,Viruses,Mycobacterium phage EagleEye,"Mycobacterium phage EagleEye, complete genome",True
NC_012419,627087,Viruses,Enterococcus phage EFAP-1,"Enterococcus phage EFAP-1, complete genome",True
NC_025457,1481187,Viruses,Acinetobacter phage vB_AbaP_Acibel007,"Acinetobacter phage vB_AbaP_Acibel007, complete genome",True
NC_031102,1873887,Viruses,Mycobacterium phage Sneeze,"Mycobacterium phage Sneeze, complete genome",True
NC_005282,77775,Viruses,Salmonella phage FelixO1,"Enterobacteria phage Felix 01, complete genome",True
MH590600,2992931,Viruses,Microbacterium phage KaiHaiDragon,"Microbacterium phage KaiHaiDragon, complete genome",True
JN006064,1982927,Viruses,Pegunavirus osmaximus,"Pegunavirus osmaximus strain OSmaximus, complete genome",True
MK279858,2499044,Viruses,Mycobacterium phage JakeO,"Mycobacterium phage JakeO, complete genome",True
NC_024792,1527469,Viruses,Bacillus phage Bobb,"Bacillus phage Bobb, complete genome",True
MH834620,2419962,Viruses,Arthrobacter phage Melons,"Arthrobacter phage Melons, complete genome",True
MG962375,2094140,Viruses,Mycobacterium phage ProfessorX,"Mycobacterium phage ProfessorX, complete genome",True
MH697589,2301539,Viruses,Microbacterium phage Neferthena,"Microbacterium phage Neferthena, complete genome",True
JN020143,1036616,Viruses,Mycobacterium phage ShiLan,"Mycobacterium phage ShiLan, complete genome",True
MH153812,2182359,Viruses,Rhodococcus phage Grayson,"Rhodococcus phage Grayson, complete genome",True
KX781992,1897435,Viruses,Mycobacterium phage Gabriel,"Mycobacterium phage Gabriel, complete genome",True
MK524520,2530136,Viruses,Mycobacterium phage Nenae,"Mycobacterium phage Nenae, complete genome",True
MK279888,2499065,Viruses,Mycobacterium phage TomBombadil,"Mycobacterium phage TomBombadil, complete genome",True
KU998238,1838080,Viruses,Gordonia phage Splinter,"Gordonia phage Splinter, complete genome",True
MH338236,2234074,Viruses,Mycobacterium phage Ebony,"Mycobacterium phage Ebony, complete genome",True
KT454972,1718174,Viruses,Mycobacterium phage Evanesce,"Mycobacterium phage Evanesce, complete genome",True
NC_028955,1542477,Viruses,Prochlorococcus phage P-TIM68,"Prochlorococcus phage P-TIM68, complete genome",True
NC_021339,1327760,Viruses,Streptomyces phage Zemlya,"Streptomyces phage Zemlya, complete genome",True
NC_025462,1481186,Viruses,Acinetobacter phage vB_AbaM_Acibel004,"Acinetobacter phage vB_AbaM_Acibel004, complete genome",True
MF324902,2015829,Viruses,Rhodococcus phage Krishelle,"Rhodococcus phage Krishelle, complete genome",True
KR053195,1647470,Viruses,Gordonia phage GMA1,"Gordonia phage GMA1, complete genome",True
KU568494,1784956,Viruses,Mycobacterium phage Bactobuster,"Mycobacterium phage Bactobuster, complete genome",True
NC_028844,1698356,Viruses,Mycobacterium phage Phatniss,"Mycobacterium phage Phatniss, complete genome",True
MH513971,2250300,Viruses,Mycobacterium phage Hope4ever,"Mycobacterium phage Hope4ever, complete genome",True
MH779499,2315529,Viruses,Gordonia phage Buggaboo,"Gordonia phage Buggaboo, complete genome",True
MK359329,2502458,Viruses,Mycobacterium phage Kamryn,"Mycobacterium phage Kamryn, complete genome",True
NC_022914,1403390,Viruses,Staphylococcus phage phiRS7,"Staphylococcus phage phiRS7, complete genome",True
NC_031254,1796996,Viruses,Arthrobacter phage Kitkat,"Arthrobacter phage Kitkat, complete genome",True
NC_028690,1527494,Viruses,Mycobacterium phage Eremos,"Mycobacterium phage Eremos, complete genome",True
MK460247,2510586,Viruses,Mycobacterium phage YoureAdopted,"Mycobacterium phage YoureAdopted, complete genome",True
NC_027925,1100043,Viruses,Apis mellifera filamentous virus,"Apis mellifera filamentous virus isolate CH-CO5, partial genome",True
NC_019539,1163482,Viruses,Salmonella phage vB_SenS-Ent1,Salmonella phage vB_SenS-Ent1 complete genome,True
MK359344,2502468,Viruses,Mycobacterium phage Napoleon13,"Mycobacterium phage Napoleon13, complete genome",True
NC_008265,396359,Viruses,Clostridium phage phiSM101,"Clostridium phage phiSM101, complete genome",True
NC_000896,12417,Viruses,Lactobacillus phage phiadh,"Lactobacillus prophage phiadh, complete genome",True
MH450122,2250422,Viruses,Mycobacterium phage KingTut,"Mycobacterium phage KingTut, complete genome",True
KX620751,1897534,Viruses,Propionibacterium phage Doucette,"Propionibacterium phage Doucette, complete genome",True
MH051248,2126946,Viruses,Mycobacterium phage BigPhil,"Mycobacterium phage BigPhil, complete genome",True
NC_019457,10689,Viruses,Vibrio phage CP-T1,"Vibrio phage CP-T1, complete genome",True
NC_019522,1127516,Viruses,Pectobacterium phage ZF40,"Pectobacterium phage ZF40, complete genome",True
NC_031048,1864622,Viruses,Enterobacter phage Arya,"Enterobacter phage Arya, complete genome",True
MH926055,2341077,Viruses,Mycobacterium phage Chewbacca,"Mycobacterium phage Chewbacca, complete genome",True
MH669008,2301562,Viruses,Mycobacterium phage Megamind,"Mycobacterium phage Megamind, complete genome",True
NC_028691,1673886,Viruses,Mycobacterium phage Apizium,"Mycobacterium phage Apizium, complete genome",True
MF185733,2015850,Viruses,Mycobacterium phage StepMih,"Mycobacterium phage StepMih, complete genome",True
NC_028834,1589747,Viruses,Achromobacter phage 83-24,"Achromobacter phage 83-24, complete genome",True
MH271315,2201455,Viruses,Rhodococcus phage Takoda,"Rhodococcus phage Takoda, complete genome",True
NC_028880,1610508,Viruses,Citrobacter phage phiCFP-1,"Citrobacter phage phiCFP-1, complete genome",True
MH576963,2283249,Viruses,Microbacterium phage Scamander,"Microbacterium phage Scamander, complete genome",True
JF704101,2920884,Viruses,Mycobacterium phage Microwolf,"Mycobacterium phage Microwolf, complete genome",True
MF141540,2024302,Viruses,Mycobacterium phage Avocado,"Mycobacterium phage Avocado, complete genome",True
MF140404,2015856,Viruses,Arthrobacter phage Christian,"Arthrobacter phage Christian, complete genome",True
NC_022988,1391179,Viruses,Mycobacterium phage Bruin,"Mycobacterium phage Bruin, complete genome",True
MG872842,2081628,Viruses,Mycobacterium phage Scherzo,"Mycobacterium phage Scherzo, complete genome",True
NC_004683,2907832,Viruses,Mycobacterium phage Che9c,"Mycobacterium phage Che9c, complete genome",True
KU963256,1821557,Viruses,Gordonia phage Lucky10,"Gordonia phage Lucky10, complete genome",True
MH001450,2108123,Viruses,Mycobacterium phage Jeon,"Mycobacterium phage Jeon, complete genome",True
NC_004686,2907834,Viruses,Mycobacterium phage Che9d,"Mycobacteriophage Che9d, complete genome",True
MK460246,2510585,Viruses,Mycobacterium phage Nibb,"Mycobacterium phage Nibb, complete genome",True
NC_021328,1273749,Viruses,Halogranum tailed virus 1,"Halovirus HGTV-1, complete genome",True
NC_019912,2884431,Viruses,Bacillus phage vB_BtS_BMBtp2,"Bacillus phage vB_BtS_BMBtp2, complete genome",True
MF197383,2015851,Viruses,Corynebacterium phage Poushou,"Corynebacterium phage Poushou, complete genome",True
NC_025431,1527771,Viruses,Mesorhizobium phage vB_MloP_Lo5R7ANS,"Mesorhizobium phagevB_MloP_Lo5R7ANS, complete genome",True
NC_008367,2913979,Viruses,Phormidium phage Pf-WMP4,"Phormidium phage Pf-WMP4, complete genome",True
MK061407,2488783,Viruses,Mycobacterium phage Beelzebub,"Mycobacterium phage Beelzebub, complete genome",True
MK279869,2499012,Viruses,Arthrobacter phage OurGirlNessie,"Arthrobacter phage OurGirlNessie, complete genome",True
MH153807,2182361,Viruses,Rhodococcus phage Peregrin,"Rhodococcus phage Peregrin, complete genome",True
NC_019548,1150992,Viruses,Ralstonia phage RSS0,"Ralstonia phage RSS0, complete genome",True
MH051251,2126949,Viruses,Mycobacterium phage DuchessDung,"Mycobacterium phage DuchessDung, complete genome",True
NC_021558,754053,Viruses,Paenibacillus phage PG1,Paenibacillus phage PG1 genomic sequence,True
NC_019447,1133293,Viruses,Brucella phage Pr,"Brucella phage Pr, complete genome",True
MG757159,2079419,Viruses,Mycobacterium phage JangoPhett,"Mycobacterium phage JangoPhett, complete genome",True
MG962376,2094141,Viruses,Mycobacterium phage Thumb,"Mycobacterium phage Thumb, complete genome",True
KY204246,1927025,Viruses,Mycobacterium phage Clarenza,"Mycobacterium phage Clarenza, complete genome",True
MH229864,2201349,Viruses,Streptomyces phage UNTPL,"Streptomyces phage UNTPL, complete genome",True
MG099947,2047842,Viruses,Mycobacterium phage Ph8s,"Mycobacterium phage Ph8s, complete genome",True
NC_028850,1675027,Viruses,Yersinia phage vB_YenP_ISAO8,"Yersinia phage vB_YenP_ISAO8, complete genome",True
NC_012753,646413,Viruses,Streptococcus phage 5093,"Streptococcus phage 5093, complete genome",True
MH399785,2250384,Viruses,Mycobacterium phage NotAPhaseMom,"Mycobacterium phage NotAPhaseMom, complete genome",True
KT361920,1698440,Viruses,Mycobacterium phage Slarp,"Mycobacterium phage Slarp, complete genome",True
MK279877,2499057,Viruses,Mycobacterium phage Roscoe,"Mycobacterium phage Roscoe, complete genome",True
MH744415,2315613,Viruses,Mycobacterium phage ArcusAngelus,"Mycobacterium phage ArcusAngelus, complete genome",True
NC_008205,2911439,Viruses,Mycobacterium phage PMC,"Mycobacterium phage PMC, complete genome",True
NC_022068,1340822,Viruses,Mycobacterium phage Daenerys,"Mycobacterium phage Daenerys, complete genome",True
KM347890,1536599,Viruses,Mycobacterium phage Vivaldi,"Mycobacterium phage Vivaldi, complete genome",True
NC_023556,1416009,Viruses,Achromobacter phage JWAlpha,"Achromobacter phage JWAlpha, complete genome",True
KY204251,1927030,Viruses,Mycobacterium phage Thanksgivukkah,"Mycobacterium phage Thanksgivukkah, complete genome",True
NC_013647,674082,Viruses,Klebsiella phage KP32,"Klebsiella phage KP32, complete genome",True
MF377440,2024005,Viruses,Mycobacterium phage Bella96,"Mycobacterium phage Bella96, complete genome",True
NC_031055,1868599,Viruses,Bacillus phage PfEFR-5,"Bacillus phage PfEFR-5, complete genome",True
NC_018850,1235661,Viruses,Pseudomonas phage UFV-P2,"Pseudomonas phage UFV-P2, complete genome",True
MK279912,2499027,Viruses,Gordonia phage Savage,"Gordonia phage Savage, complete genome",True
KY464936,1958895,Viruses,Mycobacterium phage Idleandcovert,"Mycobacterium phage Idleandcovert, complete genome",True
KU160654,1772305,Viruses,Arthrobacter phage Laroye,"Arthrobacter phage Laroye, complete genome",True
NC_021298,1327758,Viruses,Streptomyces phage Lika,"Streptomyces phage Lika, complete genome",True
MG812494,2079572,Viruses,Mycobacterium phage Pier,"Mycobacterium phage Pier, complete genome",True
NC_023578,1445727,Viruses,Mycobacterium phage Oaker,"Mycobacterium phage Oaker, complete genome",True
MG198785,2047874,Viruses,Mycobacterium phage Thespis,"Mycobacterium phage Thespis, complete genome",True
MG872839,2081630,Viruses,Mycobacterium phage LifeSavor,"Mycobacterium phage LifeSavor, complete genome",True
MK112548,2488974,Viruses,Mycobacterium phage McWolfish,"Mycobacterium phage McWolfish, complete genome",True
NC_027630,1655017,Viruses,Propionibacterium phage Ouroboros,"Propionibacterium phage Ouroboros, complete genome",True
NC_012756,644007,Viruses,Streptococcus phage PH10,"Streptococcus phage PH10, complete genome",True
KU998256,1838068,Viruses,Gordonia phage Jeanie,"Gordonia phage Jeanie, complete genome",True
MH651172,2301714,Viruses,Streptomyces phage Comrade,"Streptomyces phage Comrade, complete genome",True
NC_023704,2922222,Viruses,Mycobacterium phage Doom,"Mycobacterium phage Doom, complete genome",True
MH155879,2182406,Viruses,Mycobacterium phage Relief,"Mycobacterium phage Relief, complete genome",True
MF140410,2015881,Viruses,Mycobacterium phage Et2Brutus,"Mycobacterium phage Et2Brutus, complete genome",True
MF919495,2041521,Viruses,Mycobacterium phage Bigswole,"Mycobacterium phage Bigswole, complete genome",True
KX620786,1897528,Viruses,Mycobacterium phage Lego3393,"Mycobacterium phage Lego3393, complete genome",True
JF704102,1034143,Viruses,Mycobacterium phage Phipps,"Mycobacterium phage Phipps, complete sequence",True
NC_004586,198540,Viruses,Streptococcus phage 315.3,"Streptococcus pyogenes phage 315.3, complete genome",True
NC_027333,1500807,Viruses,Propionibacterium phage PHL070N00,"Propionibacterium phage PHL070N00, complete genome",True
KU998234,1838083,Viruses,Gordonia phage Wizard,"Gordonia phage Wizard, complete genome",True
NC_012663,641487,Viruses,Lactococcus phage P087,"Lactococcus phage P087, complete genome",True
MH509444,2250293,Viruses,Mycobacterium phage BEEST,"Mycobacterium phage BEEST, complete genome",True
NC_021309,1327774,Viruses,Mycobacterium phage Phrux,"Mycobacterium phage Phrux, complete genome",True
MH697583,2301542,Viruses,Mycobacterium phage EricMillard,"Mycobacterium phage EricMillard, complete genome",True
KX557282,1887651,Viruses,Gordonia phage Nyceirae,"Gordonia phage Nyceirae, complete genome",True
MH001447,2108129,Viruses,Mycobacterium phage Nilo,"Mycobacterium phage Nilo, complete genome",True
NC_028897,1698366,Viruses,Mycobacterium phage Chadwick,"Mycobacterium phage Chadwick, complete genome",True
MF358541,2015805,Viruses,Streptomyces phage Warpy,"Streptomyces phage Warpy, complete genome",True
NC_004736,223524,Viruses,Vibrio phage VGJ,"Vibrio phage VGJphi, complete genome",True
MF919508,2041533,Viruses,Mycobacterium phage ILeeKay,"Mycobacterium phage ILeeKay, complete genome",True
MH910036,2419609,Viruses,Arthrobacter phage Hestia,"Arthrobacter phage Hestia, complete genome",True
MH825707,2315711,Viruses,Mycobacterium phage MilleniumForce,"Mycobacterium phage MilleniumForce, complete genome",True
NC_027296,1220714,Viruses,Rhizobium phage RHEph06,"Rhizobium phage RHEph06, complete genome",True
MG944221,2099449,Viruses,Mycobacterium phage Scowl,"Mycobacterium phage Scowl, complete genome",True
NC_031932,1814280,Viruses,Flavobacterium phage Fpv10,"Flavobacterium phage Fpv10, complete genome",True
KX557281,1887650,Viruses,Gordonia phage Jumbo,"Gordonia phage Jumbo, complete genome",True
MK359319,2502437,Viruses,Gordonia phage Parada,"Gordonia phage Parada, complete genome",True
MG872836,2081623,Viruses,Mycobacterium phage Fajezeel,"Mycobacterium phage Fajezeel, complete genome",True
NC_021348,1327938,Viruses,Mycobacterium phage ArcherS7,"Mycobacterium phage ArcherS7, complete genome",True
MH051252,2126943,Viruses,Mycobacterium phage Fameo,"Mycobacterium phage Fameo, complete genome",True
MK433276,2510513,Viruses,Streptomyces phage Asten,"Streptomyces phage Asten, complete genome",True
MF919502,2041528,Viruses,Mycobacterium phage Demsculpinboyz,"Mycobacterium phage Demsculpinboyz, complete genome",True
NC_031097,1887656,Viruses,Gordonia phage Zirinka,"Gordonia phage Zirinka, complete genome",True
MG099935,2047829,Viruses,Gordonia phage Anamika,"Gordonia phage Anamika, complete genome",True
NC_026607,1445860,Viruses,Salmonella phage STP4-a,"Salmonella phage STP4-a, complete genome",True
KX576645,1897765,Viruses,Mycobacterium phage Derpp,"Mycobacterium phage Derpp, complete genome",True
MH976508,2483666,Viruses,Gordonia phage Bibwit,"Gordonia phage Bibwit, complete genome",True
NC_009447,437329,Viruses,Burkholderia phage BcepGomr,"Burkholderia phage BcepGomr, complete genome",True
NC_031109,1887650,Viruses,Gordonia phage Jumbo,"Gordonia phage Jumbo, complete genome",True
NC_027341,1560313,Viruses,Lactococcus phage WRP3,"Lactococcus phage WRP3, complete genome",True
NC_021559,536453,Viruses,Prochlorococcus phage P-SSM3,Prochlorococcus phage P-SSM3 genomic sequence,True
NC_027386,1500825,Viruses,Propionibacterium phage PHL152M00,"Propionibacterium phage PHL152M00, complete genome",True
NC_028664,1701805,Viruses,Klebsiella phage Kp2,"Klebsiella phage vB_Kp2, complete genome",True
NC_020876,1245814,Viruses,Mycobacterium phage First,"Mycobacterium phage First, complete genome",True
MH576954,2283254,Viruses,Mycobacterium phage HSavage,"Mycobacterium phage HSavage, complete genome",True
NC_022331,1354508,Viruses,Mycobacterium phage Bane1,"Mycobacterium phage Bane1, complete genome",True
KT281792,1698712,Viruses,Mycobacterium phage PopTart,"Mycobacterium phage PopTart, complete genome",True
MG925349,2099637,Viruses,Mycobacterium phage Mendokysei,"Mycobacterium phage Mendokysei, complete genome",True
MH513981,2250297,Viruses,Microbacterium phage Papafritta,"Microbacterium phage Papafritta, complete genome",True
MF377441,2024006,Viruses,Arthrobacter phage Timinator,"Arthrobacter phage Timinator, complete genome",True
KR816508,1673885,Viruses,Mycobacterium phage Phamished,"Mycobacterium phage Phamished, complete genome",True
NC_035117,2022783,Viruses,Common bottlenose dolphin gammaherpesvirus 1 strain Sarasota,"Common bottlenose dolphin gammaherpesvirus 1 strain Sarasota, complete genome",True
NC_021312,251749,Viruses,Phaeocystis globosa virus,"Phaeocystis globosa virus strain 16T, complete genome",True
MK359301,2502419,Viruses,Mycobacterium phage Kingmustik0402,"Mycobacterium phage Kingmustik0402, complete genome",True
JN204348,1052672,Viruses,Mycobacterium phage Sebata,"Mycobacterium phage Sebata, complete genome",True
KU160648,1772300,Viruses,Arthrobacter phage HunterDalle,"Arthrobacter phage HunterDalle, complete genome",True
NC_004313,175950,Viruses,Salmonella phage ST64B,"Salmonella phage ST64B, complete genome",True
KM597530,1551711,Viruses,Mycobacterium phage Bipolar,"Mycobacterium phage Bipolar, complete genome",True
NC_003387,88870,Viruses,Mycobacterium phage TM4,"Mycobacterium phage TM4, complete genome",True
NC_028828,1701845,Viruses,Mycobacterium phage TheloniousMonk,"Mycobacterium phage TheloniousMonk, complete genome",True
NC_013021,658401,Viruses,Cyanophage PSS2,"Cyanophage PSS2, complete genome",True
NC_015464,2885915,Viruses,Campylobacter phage NCTC12673,"Campylobacter phage NCTC12673, complete genome",True
NC_031041,1873891,Viruses,Mycobacterium phage Papez,"Mycobacterium phage Papez, complete genome",True
NC_027384,1536596,Viruses,Pseudomonas phage H70,"Pseudomonas phage H70, complete genome",True
NC_005891,260827,Viruses,Vibrio phage VP5,"Vibrio phage VP5, complete genome",True
NC_019541,1221835,Viruses,Acinetobacter phage YMC/09/02/B1251,"Acinetobacter phage YMC/09/02/B1251_ABA_BP, complete genome",True
MH926061,2483720,Viruses,Corynebacterium phage Troy,"Corynebacterium phage Troy, complete genome",True
MH020249,2126791,Viruses,Mycobacterium phage Skipitt,"Mycobacterium phage Skipitt, complete genome",True
NC_009237,2883942,Viruses,Burkholderia phage phiE255,"Burkholderia phage phiE255 chromosome, complete genome",True
MG770216,2079285,Viruses,Mycobacterium phage Rem711,"Mycobacterium phage Rem711, complete genome",True
NC_016565,1010614,Viruses,Staphylococcus phage S24-1,"Staphylococcus phage S24-1, complete genome",True
NC_024136,1458714,Viruses,Mycobacterium phage Seabiscuit,"Mycobacterium phage Seabiscuit, complete genome",True
KX585253,1897516,Viruses,Mycobacterium phage HedwigODU,"Mycobacterium phage HedwigODU, complete genome",True
NC_031040,1871681,Viruses,Lactococcus phage 50101,"Lactococcus phage 50101, complete genome",True
NC_007055,2936813,Viruses,Staphylococcus phage 37,"Staphylococcus phage 37, complete genome",True
NC_029044,1340712,Viruses,Mycobacterium phage Breeniome,"Mycobacterium phage Breeniome, complete genome",True
NC_019416,1239382,Viruses,Stenotrophomonas phage IME15,"Stenotrophomonas phage IME15, complete genome",True
NC_030918,1777054,Viruses,Pseudomonas phage JBD93,"Pseudomonas phage JBD93, complete genome",True
KT279576,1698356,Viruses,Mycobacterium phage Phatniss,"Mycobacterium phage Phatniss, complete genome",True
KJ538722,1471543,Viruses,Mycobacterium phage HH92,"Mycobacterium phage HH92, complete genome",True
NC_006945,307240,Viruses,Bacillus phage GIL16c,"Bacillus phage GIL16c, complete genome",True
KT020852,1673875,Viruses,Mycobacterium phage NoSleep,"Mycobacterium phage NoSleep, complete genome",True
MK359322,2502440,Viruses,Mycobacterium phage Datway,"Mycobacterium phage Datway, complete genome",True
MH926059,2341079,Viruses,Mycobacterium phage Riparian,"Mycobacterium phage Riparian, complete genome",True
KU160653,1772304,Viruses,Arthrobacter phage Korra,"Arthrobacter phage Korra, complete genome",True
KU963248,1821566,Viruses,Gordonia phage Yvonnetastic,"Gordonia phage Yvonnetastic, complete genome",True
KY204247,1927026,Viruses,Mycobacterium phage Funston,"Mycobacterium phage Funston, complete genome",True
MH051256,2126953,Viruses,Mycobacterium phage Midas2,"Mycobacterium phage Midas2, complete genome",True
JN408459,2922992,Viruses,Mycobacterium phage Cuco,"Mycobacterium phage Cuco, complete genome",True
KY380102,1932363,Viruses,Mycobacterium phage CREW,"Mycobacterium phage CREW, complete genome",True
KM591905,1555234,Viruses,Mycobacterium phage RonRayGun,"Mycobacterium phage RonRayGun, complete genome",True
NC_031942,1701826,Viruses,Streptococcus phage phiARI0462,"Streptococcus phage phiARI0462, complete genome",True
NC_001835,2905675,Viruses,Lactococcus phage SK1,"Lactococcus phage sk1, complete genome",True
MF668288,2027904,Viruses,Mycobacterium phage Wiks,"Mycobacterium phage Wiks, complete genome",True
MH001451,2108128,Viruses,Mycobacterium phage Nairb,"Mycobacterium phage Nairb, complete genome",True
MH727548,2301612,Viruses,Mycobacterium phage Galactic,"Mycobacterium phage Galactic, complete genome",True
NC_031064,1871690,Viruses,Lactococcus phage 98201,"Lactococcus phage 98201, complete genome",True
NC_005356,2992641,Viruses,Staphylococcus phage 77,"Staphylococcus phage 77, complete genome",True
NC_004348,2905963,Viruses,Salmonella phage ST64T,"Enterobacteria phage ST64T, complete genome",True
NC_008207,373404,Viruses,Mycobacterium phage Catera,"Mycobacterium phage Catera, complete genome",True
MH271311,2201453,Viruses,Rhodococcus phage Rasputin,"Rhodococcus phage Rasputin, complete genome",True
MF324909,2015822,Viruses,Mycobacterium phage PhelpsODU,"Mycobacterium phage PhelpsODU, complete genome",True
MG944220,2099448,Viruses,Mycobacterium phage Ruotula,"Mycobacterium phage Ruotula, complete genome",True
NC_028698,1611545,Viruses,Salmonella phage f18SE,"Salmonella phage f18SE, complete genome",True
NC_031085,2560754,Viruses,Shigella virus SHBML501,"Shigella phage SHBML-50-1, complete genome",True
KU160646,1772298,Viruses,Arthrobacter phage Gordon,"Arthrobacter phage Gordon, complete genome",True
NC_029072,1654883,Viruses,Salmonella phage 19,"Salmonella phage 19, complete genome",True
NC_004684,205874,Viruses,Mycobacterium phage Rosebush,"Mycobacterium phage Rosebush, complete genome",True
KR080204,1647311,Viruses,Mycobacterium phage Mindy,"Mycobacterium phage Mindy, complete genome",True
NC_020840,754070,Viruses,Tetraselmis viridis virus S20,Tetraselmis viridis virus S20 genomic sequence,True
MH513977,2250305,Viruses,Mycobacterium phage Mynx,"Mycobacterium phage Mynx, complete genome",True
MH399776,2250378,Viruses,Mycobacterium phage Grum1,"Mycobacterium phage Grum1, complete genome",True
NC_028779,1555233,Viruses,Mycobacterium phage Carcharodon,"Mycobacterium phage Carcharodon, complete genome",True
NC_020488,1168281,Viruses,Vibrio phage VvAW1,"Vibrio phage VvAW1, complete genome",True
KU160655,1772306,Viruses,Arthrobacter phage Maggie,"Arthrobacter phage Maggie, complete genome",True
MK450436,2510574,Viruses,Gordonia phage Neoevie,"Gordonia phage Neoevie, complete genome",True
NC_028758,1589749,Viruses,Paenibacillus phage HB10c2,"Paenibacillus phage HB10c2, complete genome",True
NC_029043,1555235,Viruses,Mycobacterium phage SweetiePie,"Mycobacterium phage SweetiePie, complete genome",True
MG210949,2047760,Viruses,Arthrobacter phage Huntingdon,"Arthrobacter phage Huntingdon, complete genome",True
JF937091,2902889,Viruses,Mycobacterium phage Bask21,"Mycobacterium phage Bask21, complete genome",True
NC_029000,1211280,Viruses,Stenotrophomonas phage IME13,"Stenotrophomonas phage IME13, complete genome",True
KJ194580,1458710,Viruses,Mycobacterium phage Badfish,"Mycobacterium phage Badfish, complete genome",True
NC_009904,442493,Viruses,Enterococcus phage EF24C,"Enterococcus phage phiEF24C, complete genome",True
NC_026606,1566993,Viruses,Arthrobacter phage vB_ArtM-ArV1,"Arthrobacter phage vB_ArtM-ArV1, complete genome",True
NC_016071,889338,Viruses,Salmonella phage PVPSE1,"Salmonella phage PVP-SE1, complete genome",True
NC_031101,1837862,Viruses,Weissella phage WCP30,"Weissella phage WCP30, complete genome",True
NC_028813,1698713,Viruses,Mycobacterium phage Seagreen,"Mycobacterium phage Seagreen, complete genome",True
NC_007052,2908113,Viruses,Staphylococcus phage 42E,"Staphylococcus phage 42e, complete genome",True
MG298964,2053672,Viruses,Streptomyces phage Alsaber,"Streptomyces phage Alsaber, complete genome",True
NC_028888,1739607,Viruses,Lactobacillus phage CL1,"Lactobacillus phage CL1, complete genome",True
NC_022335,1235649,Viruses,Propionibacterium phage PHL067M10,"Propionibacterium phage PHL067M10, complete genome",True
MK433279,2510510,Viruses,Mycobacterium phage Kareem,"Mycobacterium phage Kareem, complete genome",True
MH669003,2301565,Viruses,Mycobacterium phage Girr,"Mycobacterium phage Girr, complete genome",True
KT364588,1700833,Viruses,Mycobacterium phage Hetaeria,"Mycobacterium phage Hetaeria, complete genome",True
MK279876,2499017,Viruses,Arthrobacter phage Rozby,"Arthrobacter phage Rozby, complete genome",True
MF541406,2024289,Viruses,Streptomyces phage Dattran,"Streptomyces phage Dattran, complete genome",True
MF140422,2015888,Viruses,Mycobacterium phage Nicholasp3,"Mycobacterium phage Nicholasp3, complete genome",True
NC_008204,373414,Viruses,Mycobacterium phage Qyrzula,"Mycobacterium phage Qyrzula, complete genome",True
MF919529,2041547,Viruses,Mycobacterium phage Sassay,"Mycobacterium phage Sassay, complete genome",True
NC_004814,2907838,Viruses,Streptococcus phage C1,"Streptococcus phage C1, complete genome",True
NC_029121,1445810,Viruses,Bacillus phage Bp8p-C,"Bacillus phage Bp8p-C, complete genome",True
KY471266,1958911,Viruses,Mycobacterium phage TinaFeyge,"Mycobacterium phage TinaFeyge, complete genome",True
MG925350,2099638,Viruses,Mycobacterium phage Mosaic,"Mycobacterium phage Mosaic, complete genome",True
KT372003,1701852,Viruses,Mycobacterium phage Lumos,"Mycobacterium phage Lumos, complete genome",True
KU578077,1792228,Viruses,Mycobacterium phage Marie,"Mycobacterium phage Marie, complete genome",True
KX683428,1897424,Viruses,Mycobacterium phage TBond007,"Mycobacterium phage TBond007, complete genome",True
NC_030939,1647471,Viruses,Gordonia phage GMA4,"Gordonia phage GMA4, complete genome",True
MK016503,2484215,Viruses,Mycobacterium phage Prithvi,"Mycobacterium phage Prithvi, complete genome",True
NC_031006,1805948,Viruses,Bacillus phage DIGNKC,"Bacillus phage DIGNKC, complete genome",True
MK112527,2488961,Viruses,Mycobacterium phage Altwerkus,"Mycobacterium phage Altwerkus, complete genome",True
NC_031084,1654740,Viruses,Propionibacterium phage BruceLethal,"Propionibacterium phage BruceLethal, complete genome",True
NC_019530,1108865,Viruses,Salmonella typhimurium phage PhiSH19,"Salmonella phage PhiSH19, complete genome",True
NC_011267,555603,Viruses,Mycobacterium phage Solon,"Mycobacterium phage Solon, complete genome",True
MH513972,2250301,Viruses,Mycobacterium phage IHOP,"Mycobacterium phage IHOP, complete genome",True
NC_012418,627480,Viruses,Pseudomonas phage phikF77,"Pseudomonas phage phikF77, complete genome",True
MK284521,2500571,Viruses,Gordonia phage Kiko,"Gordonia phage Kiko, complete genome",True
KU160639,1772292,Viruses,Arthrobacter phage Anansi,"Arthrobacter phage Anansi, complete genome",True
NC_031036,1815511,Viruses,Lactobacillus phage PLE2,"Lactobacillus phage PLE2, complete genome",True
NC_020864,755272,Viruses,Micromonas pusilla virus 12T,Micromonas pusilla virus 12T genomic sequence,True
MH576952,2283241,Viruses,Arthrobacter phage Dewayne,"Arthrobacter phage Dewayne, complete genome",True
MH576966,2283261,Viruses,Mycobacterium phage Thyatira,"Mycobacterium phage Thyatira, complete genome",True
MG872832,2081619,Viruses,Mycobacterium phage Barbarian,"Mycobacterium phage Barbarian, complete genome",True
MK524512,2530123,Viruses,Mycobacterium phage Carthage,"Mycobacterium phage Carthage, complete genome",True
MK359308,2502426,Viruses,Mycobacterium phage Shaqnato,"Mycobacterium phage Shaqnato, complete genome",True
NC_018285,1051631,Viruses,Streptococcus phage YMC-2011,"Streptococcus phage YMC-2011, complete genome",True
MH338237,2234075,Viruses,Mycobacterium phage Joselito,"Mycobacterium phage Joselito, complete genome",True
NC_029118,1698369,Viruses,Lactococcus phage GE1,"Lactococcus phage GE1, complete genome",True
MF919517,2041538,Viruses,Mycobacterium phage LilHazelnut,"Mycobacterium phage LilHazelnut, complete genome",True
MH316562,2234027,Viruses,Mycobacterium phage Erk16,"Mycobacterium phage Erk16, complete genome",True
MH183162,2182341,Viruses,Microbacterium phage Hendrix,"Microbacterium phage Hendrix, complete genome",True
MH001457,2108133,Viruses,Streptomyces phage Nesbitt,"Streptomyces phage Nesbitt, complete genome",True
MH576968,2283267,Viruses,Streptomyces phage Wofford,"Streptomyces phage Wofford, complete genome",True
NC_019916,2892340,Viruses,Lactobacillus phage ATCC8014,"Lactobacillus phage ATCC8014, complete genome",True
MK392365,2510527,Viruses,Streptomyces phage TinaBelcher,"Streptomyces phage TinaBelcher, complete genome",True
NC_030942,1838064,Viruses,Gordonia phage BritBrat,"Gordonia phage BritBrat, complete genome",True
NC_021322,1273750,Viruses,Haloarcula hispanica tailed virus 1,"Halovirus HHTV-1, complete genome",True
NC_024387,1458856,Viruses,Listeria phage LP-101,"Listeria phage LP-101, complete genome",True
MF766047,2041208,Viruses,Streptomyces phage SqueakyClean,"Streptomyces phage SqueakyClean, complete genome",True
JF937095,1034104,Viruses,Mycobacterium phage Harvey,"Mycobacterium phage Harvey, complete genome",True
NC_031279,1784956,Viruses,Mycobacterium phage Bactobuster,"Mycobacterium phage Bactobuster, complete genome",True
KX557272,1887641,Viruses,Gordonia phage Bantam,"Gordonia phage Bantam, complete genome",True
NC_021340,1273751,Viruses,Haloarcula hispanica tailed virus 2,"Halovirus HHTV-2, complete genome",True
MF919538,2041554,Viruses,Mycobacterium phage Updawg,"Mycobacterium phage Updawg, complete genome",True
NC_028789,1734382,Viruses,Bacillus phage VMY22,"Bacillus phage VMY22, complete genome",True
MG839021,2079586,Viruses,Microbacterium phage Knox,"Microbacterium phage Knox, complete genome",True
MH651185,2301694,Viruses,Gordonia phage Phistory,"Gordonia phage Phistory, complete genome",True
JX042578,1195069,Viruses,Mycobacterium phage ElTiger69,"Mycobacterium phage ElTiger69, complete genome",True
MG593802,2059882,Viruses,Streptomyces phage Omar,"Streptomyces phage Omar, complete genome",True
KC576784,1296647,Viruses,Mycobacterium phage ShiVal,"Mycobacterium phage ShiVal, complete genome",True
MH825703,2315701,Viruses,Arthrobacter phage LeeroyJ,"Arthrobacter phage LeeroyJ, complete genome",True
NC_031940,1813771,Viruses,Salmonella phage 118970_sal3,"Salmonella phage 118970_sal3, complete genome",True
NC_027360,1197935,Viruses,Enterobacteria phage UAB_Phi87,"Enterobacteriaphage UAB_Phi87, complete genome",True
JF704098,2920885,Viruses,Mycobacterium phage JHC117,"Mycobacterium phage JHC117, complete genome",True
MF324914,2015820,Viruses,Mycobacterium phage Krueger,"Mycobacterium phage Krueger, complete genome",True
NC_011057,546184,Viruses,Mycobacterium phage Phaedrus,"Mycobacterium phage Phaedrus, complete genome",True
NC_019410,1211641,Viruses,Caulobacter virus Karma,"Caulobacter phage CcrKarma, complete genome",True
NC_017978,1187894,Viruses,Clostridium phage PhiS63,"Clostridium phage PhiS63, complete genome",True
KR337652,1655022,Viruses,Propionibacterium phage Stormborn,"Propionibacterium phage Stormborn, complete genome",True
NC_026242,1546257,Viruses,Tipula oleracea nudivirus,"Tipula oleracea nudivirus isolate 35, complete genome",True
MG757160,2079420,Viruses,Mycobacterium phage Kimchi,"Mycobacterium phage Kimchi, complete genome",True
NC_004902,2907956,Viruses,Xanthomonas phage Xp10,"Xanthomonas phage Xp10, complete genome",True
MH271313,2201430,Viruses,Gordonia phage Suzy,"Gordonia phage Suzy, complete genome",True
KU985090,1821727,Viruses,Mycobacterium phage Shipwreck,"Mycobacterium phage Shipwreck, complete genome",True
MH450130,2250427,Viruses,Mycobacterium phage Rohr,"Mycobacterium phage Rohr, complete genome",True
NC_031053,1654927,Viruses,Klebsiella phage PKP126,"Klebsiella phage PKP126, complete genome",True
NC_023581,1406780,Viruses,Acinetobacter phage Presley,"Acinetobacter phage Presley, complete genome",True
NC_019446,1133292,Viruses,Brucella phage Tb,"Brucella phage Tb, complete genome",True
MH779512,2315534,Viruses,Microbacterium phage Miaurora,"Microbacterium phage Miaurora, complete genome",True
MG099949,2047844,Viruses,Mycobacterium phage Phlorence,"Mycobacterium phage Phlorence, complete genome",True
MF140415,2015859,Viruses,Arthrobacter phage KylieMac,"Arthrobacter phage KylieMac, complete genome",True
NC_024382,138184,Viruses,Alcelaphine gammaherpesvirus 2,"Alcelaphine herpesvirus 2 isolate topi-AlHV-2, complete genome",True
NC_026593,1536598,Viruses,Mycobacterium phage BuzzLyseyear,"Mycobacterium phage BuzzLyseyear, complete genome",True
MF140413,2015884,Viruses,Mycobacterium phage Kingsolomon,"Mycobacterium phage Kingsolomon, complete genome",True
KU160638,1772291,Viruses,Arthrobacter phage Amigo,"Arthrobacter phage Amigo, complete genome",True
NC_028860,1673873,Viruses,Mycobacterium phage Smeadley,"Mycobacterium phage Smeadley, complete genome",True
MH513976,2250304,Viruses,Mycobacterium phage Morty007,"Mycobacterium phage Morty007, complete genome",True
NC_029018,1354511,Viruses,Mycobacterium phage Anubis,"Mycobacterium phage Anubis, complete genome",True
NC_013597,683735,Viruses,Aggregatibacter phage S1249,"Aggregatibacter phage S1249, complete sequence",True
NC_028971,1640974,Viruses,Pseudomonas phage DL68,"Pseudomonas phage DL68, complete genome",True
NC_023719,2884420,Viruses,Bacillus phage G,"Bacillus phage G, complete genome",True
MF668279,2027886,Viruses,Arthrobacter phage Nellie,"Arthrobacter phage Nellie, complete genome",True
KY083062,1916116,Viruses,Mycobacterium phage Millski,"Mycobacterium phage Millski, complete genome",True
NC_021316,1235824,Viruses,Acinetobacter phage Abp1,"Acinetobacter phage Abp1, complete genome",True
MG670586,2065199,Viruses,Microbacterium phage Dismas,"Microbacterium phage Dismas, complete genome",True
NC_027354,1500831,Viruses,Propionibacterium phage PHL301M00,"Propionibacterium phage PHL301M00, complete genome",True
KF493883,1429913,Viruses,Mycobacterium phage Mosby,"Mycobacterium phage Mosby, complete genome",True
NC_015274,59241,Viruses,Streptococcus phage Dp-1,"Streptococcus phage Dp-1, complete genome",True
NC_027329,1567025,Viruses,Salmonella phage vB_SPuM_SP116,"Salmonella phage vB_SPuM_SP116, complete genome",True
NC_015273,910475,Viruses,Burkholderia phage KS14,"Burkholderia phage KS14, complete genome",True
NC_026603,1567471,Viruses,Mycobacterium phage Keshu,"Mycobacterium phage Keshu, complete genome",True
KJ567041,1486474,Viruses,Mycobacterium phage Zapner,"Mycobacterium phage Zapner, complete genome",True
MK061410,2488782,Viruses,Gordonia phage Eyes,"Gordonia phage Eyes, complete genome",True
JX307705,2927990,Viruses,Mycobacterium phage Marcell,"Mycobacterium phage Marcell, complete genome",True
MK524494,2530143,Viruses,Mycobacterium phage Rabbs,"Mycobacterium phage Rabbs, complete genome",True
MG925353,2099639,Viruses,Mycobacterium phage Nozo,"Mycobacterium phage Nozo, complete genome",True
MK524497,2530129,Viruses,Mycobacterium phage Francis47,"Mycobacterium phage Francis47, complete genome",True
MF668278,2027898,Viruses,Mycobacterium phage Morpher26,"Mycobacterium phage Morpher26, complete genome",True
KX670786,1897527,Viruses,Arthrobacter phage Chubster,"Arthrobacter phage Chubster, complete genome",True
MK305889,2500789,Viruses,Gordonia phage Mutzi,"Gordonia phage Mutzi, complete genome",True
NC_019417,2923009,Viruses,Salmonella phage SPN19,"Salmonella phage SPN19, complete genome",True
NC_027293,1540094,Viruses,Citrobacter phage Moogle,"Citrobacter phage Moogle, complete genome",True
MH697575,2301546,Viruses,Mycobacterium phage Adahisdi,"Mycobacterium phage Adahisdi, complete genome",True
MH399788,2250387,Viruses,Mycobacterium phage Visconti,"Mycobacterium phage Visconti, complete genome",True
MH051259,2126956,Viruses,Mycobacterium phage TNguyen7,"Mycobacterium phage TNguyen7, complete genome",True
HM152765,861048,Viruses,Mycobacterium phage Island3,"Mycobacterium phage Island3, complete genome",True
NC_021297,1327773,Viruses,Mycobacterium phage PattyP,"Mycobacterium phage PattyP, complete genome",True
MK279843,2499033,Viruses,Mycobacterium phage CamL,"Mycobacterium phage CamL, complete genome",True
MH926056,2483718,Viruses,Corynebacterium phage Cruella,"Corynebacterium phage Cruella, complete genome",True
KU160656,1772307,Viruses,Arthrobacter phage Martha,"Arthrobacter phage Martha, complete genome",True
NC_031126,1883371,Viruses,Erwinia phage vB_EamM_ChrisDB,"Erwinia phage vB_EamM_ChrisDB, complete genome",True
KX758539,1897439,Viruses,Mycobacterium phage Jaan,"Mycobacterium phage Jaan, complete genome",True
MK061411,2488786,Viruses,Mycobacterium phage Faze9,"Mycobacterium phage Faze9, complete genome",True
KX670813,1897491,Viruses,Mycobacterium phage MitKao,"Mycobacterium phage MitKao, complete genome",True
MG944226,2099442,Viruses,Microbacterium phage Casey,"Microbacterium phage Casey, complete genome",True
MF140424,2015865,Viruses,Arthrobacter phage Nubia,"Arthrobacter phage Nubia, complete genome",True
NC_001884,2932878,Viruses,Bacillus phage SPBc2,"Bacillus phage SPBc2, complete genome",True
NC_028778,1698714,Viruses,Mycobacterium phage Snenia,"Mycobacterium phage Snenia, complete genome",True
NC_011287,2914019,Viruses,Mycobacterium phage Pacc40,"Mycobacterium phage Pacc40, complete genome",True
NC_024364,1486422,Viruses,Listeria phage List-36,"Listeria phage List-36, complete genome",True
KT355475,1698363,Viruses,Arthrobacter phage Sandman,"Arthrobacter phage Sandman, complete genome",True
KX641262,1897547,Viruses,Mycobacterium phage Nazo,"Mycobacterium phage Nazo, complete genome",True
MG962365,2094131,Viruses,Mycobacterium phage DoesntMatter,"Mycobacterium phage DoesntMatter, complete genome",True
MK112552,2488977,Viruses,Mycobacterium phage Spartan300,"Mycobacterium phage Spartan300, complete genome",True
NC_007346,181082,Viruses,Emiliania huxleyi virus 86,"Emiliania huxleyi virus 86, complete genome",True
NC_019508,1042123,Viruses,Clostridium phage phiCP34O,"Clostridium phage phiCP34O, complete genome",True
NC_009235,2881400,Viruses,Burkholderia phage phi644-2,"Burkholderia phage phi644-2, complete genome",True
KJ194584,1458712,Viruses,Mycobacterium phage Heathcliff,"Mycobacterium phage Heathcliff, complete genome",True
KT599441,1718175,Viruses,Mycobacterium phage Squid,"Mycobacterium phage Squid, complete genome",True
NC_009811,2908169,Viruses,Listeria phage A511,"Listeria phage A511, complete genome",True
MH153806,2182356,Viruses,Microbacterium phage Oats,"Microbacterium phage Oats, complete genome",True
NC_018264,1126885,Viruses,Thermoanaerobacterium phage THSA-485A,"Thermoanaerobacterium phage THSA-485A, complete genome",True
JF937107,1034117,Viruses,Mycobacterium phage SirHarley,"Mycobacterium phage SirHarley, complete genome",True
NC_016162,1105327,Viruses,Vibrio phage VCY,"Vibrio phage VCY-phi, complete genome",True
NC_027371,1498188,Viruses,Propionibacterium phage Pacnes 2012-15,"Propionibacterium phage Pacnes 2012-15, complete genome",True
JF937103,2922214,Viruses,Mycobacterium phage Museum,"Mycobacterium phage Museum, complete genome",True
MK279867,2499010,Viruses,Arthrobacter phage Nancia,"Arthrobacter phage Nancia, complete genome",True
MK279908,2499056,Viruses,Mycobacterium phage Roliet,"Mycobacterium phage Roliet, complete genome",True
NC_023699,2923001,Viruses,Mycobacterium phage SG4,"Mycobacterium phage SG4, complete genome",True
MK359355,2502476,Viruses,Mycobacterium phage Sprinklers,"Mycobacterium phage Sprinklers, complete genome",True
MG962364,2094130,Viruses,Mycobacterium phage Deby,"Mycobacterium phage Deby, complete genome",True
NC_031091,1868596,Viruses,Pseudomonas phage MD8,"Pseudomonas phage MD8, complete genome",True
MH001449,2108127,Viruses,Mycobacterium phage MooMoo,"Mycobacterium phage MooMoo, complete genome",True
NC_022971,1429758,Viruses,Pseudomonas phage phiIBB-PAA2,"Pseudomonas phage phiIBB-PAA2, complete genome",True
KU997639,1837841,Viruses,Mycobacterium phage Loadrie,"Mycobacterium phage Loadrie, complete genome",True
MF472892,2024298,Viruses,Mycobacterium phage TreyKay,"Mycobacterium phage TreyKay, complete genome",True
MK376961,2507862,Viruses,Gordonia phage Asapag,"Gordonia phage Asapag, complete genome",True
NC_029100,1667322,Viruses,Pseudoalteromonas phage Pq0,"Pseudoalteromonas phage Pq0, complete genome",True
NC_009236,2881401,Viruses,Burkholderia phage phiE12-2,"Burkholderia phage phiE12-2, complete genome",True
MF347637,2023993,Viruses,Streptomyces phage Paradiddles,"Streptomyces phage Paradiddles, complete genome",True
KU160672,1772322,Viruses,Arthrobacter phage Wayne,"Arthrobacter phage Wayne, complete genome",True
MK305891,2500796,Viruses,Streptomyces phage Gibson,"Streptomyces phage Gibson, complete genome",True
NC_027119,454798,Viruses,Salmonella phage Det7,"Salmonella phage Det7, complete genome",True
MF668275,2027888,Viruses,Brevibacterium phage LuckyBarnes,"Brevibacterium phage LuckyBarnes, complete genome",True
MH450127,2250425,Viruses,Mycobacterium phage Plagueis,"Mycobacterium phage Plagueis, complete genome",True
NC_007049,2908098,Viruses,Staphylococcus phage 53,"Staphylococcus phage 53, complete genome",True
MG198783,2047873,Viruses,Gordonia phage Mahdia,"Gordonia phage Mahdia, complete genome",True
NC_015254,764562,Viruses,Brochothrix phage BL3,"Brochothrix phage BL3, complete genome",True
KT326768,1698420,Viruses,Mycobacterium phage Tasp14,"Mycobacterium phage Tasp14, complete genome",True
MH509441,2250290,Viruses,Mycobacterium phage Acolyte,"Mycobacterium phage Acolyte, complete genome",True
MH727556,2301604,Viruses,Microbacterium phage OneinaGillian,"Microbacterium phage OneinaGillian, complete genome",True
NC_031020,1852628,Viruses,Morganella phage vB_MmoM_MP1,"Morganella phage vB_MmoM_MP1, complete genome",True
KX808129,1913037,Viruses,Mycobacterium phage Sabinator,"Mycobacterium phage Sabinator, complete genome",True
KX576646,1897768,Viruses,Mycobacterium phage TyrionL,"Mycobacterium phage TyrionL, complete genome",True
NC_028669,1698421,Viruses,Staphylococcus phage phiJB,"Staphylococcus phage phiJB, complete genome",True
NC_011021,2914012,Viruses,Mycobacterium phage Lockley,"Mycobacterium phage Lockley, complete genome",True
MK279911,2499028,Viruses,Gordonia phage Sproutie,"Gordonia phage Sproutie, complete genome",True
NC_031901,1701813,Viruses,Streptococcus phage phiARI0131-1,"Streptococcus phage phiARI0131-1, complete genome",True
NC_007807,2911431,Viruses,Pseudomonas phage 119X,"Pseudomonas phage 119X, complete genome",True
NC_031910,1701812,Viruses,Streptococcus phage phiARI0031,"Streptococcus phage phiARI0031, complete genome",True
KU160670,1772320,Viruses,Arthrobacter phage Toulouse,"Arthrobacter phage Toulouse, complete genome",True
KX620750,1897532,Viruses,Propionibacterium phage B22,"Propionibacterium phage B22, complete genome",True
JF937109,1034119,Viruses,Mycobacterium phage Yoshand,"Mycobacterium phage Yoshand, complete genome",True
KP027203,1567479,Viruses,Mycobacterium phage Treddle,"Mycobacterium phage Treddle, complete genome",True
MF668285,2027887,Viruses,Arthrobacter phage Temper16,"Arthrobacter phage Temper16, complete genome",True
NC_018083,1162305,Viruses,Clostridium phage phiCPV4,"Clostridium phage phiCPV4, complete genome",True
MH576957,2283243,Viruses,Arthrobacter phage Inspire2,"Arthrobacter phage Inspire2, complete genome",True
JN699009,1089133,Viruses,Mycobacterium phage ThreeOh3D2,"Mycobacterium phage ThreeOh3D2, complete genome",True
NC_024212,1458851,Viruses,Enterococcus phage VD13,"Enterococcus phage VD13, complete genome",True
MH727543,2301609,Viruses,Mycobacterium phage CharlieB,"Mycobacterium phage CharlieB, complete genome",True
MG925338,2099629,Viruses,Mycobacterium phage ChaChing,"Mycobacterium phage ChaChing, complete genome",True
NC_015159,979535,Viruses,Vibrio phage ICP3,"Vibrio phage ICP3, complete genome",True
MH399786,2250385,Viruses,Mycobacterium phage PhrodoBaggins,"Mycobacterium phage PhrodoBaggins, complete genome",True
NC_021346,1327936,Viruses,Mycobacterium phage Gizmo,"Mycobacterium phage Gizmo, complete genome",True
MK112546,2488973,Viruses,Mycobacterium phage LuckyMarjie,"Mycobacterium phage LuckyMarjie, complete genome",True
NC_013691,655097,Viruses,Pseudomonas phage LUZ7,"Pseudomonas phage LUZ7, complete genome",True
KM592966,1551642,Viruses,Mycobacterium phage QuinnKiro,"Mycobacterium phage QuinnKiro, complete genome",True
MK359305,2502423,Viruses,Mycobacterium phage Teardrop,"Mycobacterium phage Teardrop, complete genome",True
MK359359,2502478,Viruses,Mycobacterium phage Colt,"Mycobacterium phage Colt, complete genome",True
MH155878,2182405,Viruses,Streptomyces phage RavenPuff,"Streptomyces phage RavenPuff, complete genome",True
NC_016655,1109712,Viruses,Rhodococcus phage REQ1,"Rhodococcus phage REQ1, complete genome",True
MG099952,2047846,Viruses,Mycobacterium phage WunderPhul,"Mycobacterium phage WunderPhul, complete genome",True
NC_021302,1327765,Viruses,Mycobacterium phage Fishburne,"Mycobacterium phage Fishburne, complete genome",True
MH153800,2182351,Viruses,Microbacterium phage Camille,"Microbacterium phage Camille, complete genome",True
JF704096,1034134,Viruses,Mycobacterium phage Ghost,"Mycobacterium phage Ghost, complete sequence",True
NC_020849,754052,Viruses,Pseudoalteromonas phage pYD6-A,Pseudoalteromonas phage pYD6-A genomic sequence,True
NC_031037,1805951,Viruses,Bacillus phage Nigalana,"Bacillus phage Nigalana, complete genome",True
NC_018839,1229784,Viruses,Propionibacterium phage P14,"Propionibacterium phage P14.4, complete genome",True
NC_027345,1530400,Viruses,Pseudomonas phage Pa2,"Pseudomonas phage Pa2, complete genome",True
NC_022985,1391433,Viruses,Mycobacterium phage Zaka,"Mycobacterium phage Zaka, complete genome",True
NC_028796,1647302,Viruses,Mycobacterium phage Phayonce,"Mycobacterium phage Phayonce, complete genome",True
MF668267,2027890,Viruses,Mycobacterium phage Apocalypse,"Mycobacterium phage Apocalypse, complete genome",True
NC_009818,2913978,Viruses,Pseudomonas phage MP22,"Pseudomonas phage MP22, complete genome",True
JF937108,1034118,Viruses,Mycobacterium phage Switzer,"Mycobacterium phage Switzer, complete genome",True
MH727552,2301603,Viruses,Gordonia phage KidneyBean,"Gordonia phage KidneyBean, complete genome",True
KY006473,1916120,Viruses,Mycobacterium phage LeoAvram,"Mycobacterium phage LeoAvram, complete genome",True
MK279870,2499050,Viruses,Mycobacterium phage Omniscient,"Mycobacterium phage Omniscient, complete genome",True
MH513983,2250308,Viruses,Mycobacterium phage ShereKhan,"Mycobacterium phage ShereKhan, complete genome",True
NC_026597,1527493,Viruses,Mycobacterium phage Sparky,"Mycobacterium phage Sparky, complete genome",True
NC_031917,1874539,Viruses,Pseudoalteromonas phage BS5,"Pseudoalteromonas phage BS5, complete genome",True
KT186229,1673878,Viruses,Streptomyces phage Verse,"Streptomyces phage Verse, complete genome",True
MF472893,2024297,Viruses,Mycobacterium phage MissWhite,"Mycobacterium phage MissWhite, complete genome",True
MH697592,2301556,Viruses,Mycobacterium phage Rando14,"Mycobacterium phage Rando14, complete genome",True
NC_003288,2993860,Viruses,Staphylococcus phage phiETA,"Staphylococcus phage phiETA DNA, complete genome",True
NC_021471,1262530,Viruses,Haloarcula sinaiiensis tailed virus 1,"Halovirus HSTV-1, complete genome",True
NC_003524,190478,Viruses,Clostridium phage phi3626,"Clostridium phage phi3626, complete genome",True
JF937092,1034102,Viruses,Mycobacterium phage DaVinci,"Mycobacterium phage DaVinci, complete genome",True
MF140421,2015887,Viruses,Mycobacterium phage Nicholas,"Mycobacterium phage Nicholas, complete genome",True
MF472894,2024296,Viruses,Mycobacterium phage Majeke,"Mycobacterium phage Majeke, complete genome",True
JF704103,1034149,Viruses,Mycobacterium phage Vortex,"Mycobacterium phage Vortex, complete sequence",True
NC_017973,1175504,Viruses,Mycobacterium phage SWU1,"Mycobacterium phage SWU1, complete genome",True
KR347353,1654780,Viruses,Propionibacterium phage Enoki,"Propionibacterium phage Enoki, complete genome",True
MK376954,2507855,Viruses,Gordonia phage WhoseManz,"Gordonia phage WhoseManz, complete genome",True
NC_009234,2883941,Viruses,Burkholderia phage phiE202,"Burkholderia phage phiE202 chromosome, complete genome",True
NC_029010,1498171,Viruses,Staphylococcus phage SA97,"Staphylococcus phage SA97, complete genome",True
NC_023717,1162290,Viruses,Cronobacter phage CR9,"Cronobacter phage CR9, complete genome",True
MH697586,2301553,Viruses,Mycobacterium phage InigoMontoya,"Mycobacterium phage InigoMontoya, complete genome",True
NC_021300,1316739,Viruses,Pseudoalteromonas phage RIO-1,"Pseudoalteromonas phage RIO-1, complete genome",True
MK433272,2510506,Viruses,Gordonia phage IDyn,"Gordonia phage IDyn, complete genome",True
NC_023723,1168595,Viruses,Mycobacterium phage Aeneas,"Mycobacterium phage Aeneas, complete genome",True
KT124229,1690428,Viruses,Streptomyces phage Hydra,"Streptomyces phage Hydra, complete genome",True
JF704097,2920886,Viruses,Mycobacterium phage Gladiator,"Mycobacterium phage Gladiator, complete genome",True
KX683876,1897449,Viruses,Mycobacterium phage CactusRose,"Mycobacterium phage CactusRose, complete genome",True
MF919490,2041517,Viruses,Mycobacterium phage Anselm,"Mycobacterium phage Anselm, complete genome",True
KT222942,1679524,Viruses,Mycobacterium phage Dusk,"Mycobacterium phage Dusk, complete genome",True
MH513985,2250310,Viruses,Mycobacterium phage Tomathan,"Mycobacterium phage Tomathan, complete genome",True
NC_020478,2880537,Viruses,Bacillus phage Andromeda,"Bacillus phage Andromeda, complete genome",True
MK359328,2502457,Viruses,Mycobacterium phage EmmaElysia,"Mycobacterium phage EmmaElysia, complete genome",True
NC_022062,1340825,Viruses,Mycobacterium phage Trouble,"Mycobacterium phage Trouble, complete genome",True
NC_015721,1035662,Viruses,Bdellovibrio phage phi1402,"Bdellovibrio phage phi1402, complete genome",True
NC_028953,1567005,Viruses,Mycobacterium phage MiaZeal,"Mycobacterium phage MiaZeal, complete genome",True
JF937094,2922204,Viruses,Mycobacterium phage Hammer,"Mycobacterium phage Hammer, complete genome",True
KM923970,1606762,Viruses,Mycobacterium phage Gomashi,"Mycobacterium phage Gomashi, complete genome",True
NC_017972,1161927,Viruses,Pseudomonas phage Lu11,"Pseudomonas phage Lu11, complete genome",True
NC_025422,1357714,Viruses,Caulobacter phage Cr30,"Caulobacter phage Cr30, complete genome",True
NC_004688,2907835,Viruses,Mycobacterium phage Omega,"Mycobacterium phage Omega, complete genome",True
MH651187,2301701,Viruses,Mycobacterium phage Renaud18,"Mycobacterium phage Renaud18, complete genome",True
NC_031233,1821556,Viruses,Gordonia phage Kita,"Gordonia phage Kita, complete genome",True
MF189176,2024281,Viruses,Arthrobacter phage Jordan,"Arthrobacter phage Jordan, complete genome",True
NC_026608,2494563,Viruses,Paracoccus phage vB_PmaS-R3,"Paracoccus phage vB_PmaS-R3, complete genome",True
MG872833,2081620,Viruses,Mycobacterium phage BeesKnees,"Mycobacterium phage BeesKnees, complete genome",True
NC_021560,929833,Viruses,Rhizobium phage RR1-A,Rhizobium phage RR1-A genomic sequence,True
NC_023715,928293,Viruses,Yersinia phage Yep-phi,"Yersinia phage Yep-phi, complete genome",True
KT246485,1698367,Viruses,Mycobacterium phage OBUpride,"Mycobacterium phage OBUpride, complete genome",True
MH669007,2301558,Viruses,Gordonia phage Marietta,"Gordonia phage Marietta, complete genome",True
NC_026594,1548905,Viruses,Pseudomonas phage vB_PaeS_PAO1_Ab18,"Pseudomonas phage vB_PaeS_PAO1_Ab18, complete genome",True
NC_006356,294631,Viruses,Flavobacterium phage 11b,"Flavobacterium phage 11b, complete genome",True
NC_021537,754066,Viruses,Halorubrum virus CGphi46,Halorubrum phage CGphi46 genomic sequence,True
MF140407,2015857,Viruses,Arthrobacter phage Dino,"Arthrobacter phage Dino, complete genome",True
NC_021867,1325731,Viruses,Flavobacterium phage 6H,"Flavobacterium phage 6H, complete genome",True
MF668286,2027905,Viruses,Rhodococcus phage Trina,"Rhodococcus phage Trina, complete genome",True
KY319168,1932894,Viruses,Mycobacterium phage CrystalP,"Mycobacterium phage CrystalP, complete genome",True
KY204250,1927029,Viruses,Mycobacterium phage Kratark,"Mycobacterium phage Kratark, complete genome",True
MH479910,2250390,Viruses,Gordonia phage Danyall,"Gordonia phage Danyall, complete genome",True
MG962372,2094137,Viruses,Mycobacterium phage McGuire,"Mycobacterium phage McGuire, complete genome",True
MH590593,2283291,Viruses,Mycobacterium phage Rabinovish,"Mycobacterium phage Rabinovish, complete genome",True
NC_030902,1647470,Viruses,Gordonia phage GMA1,"Gordonia phage GMA1, complete genome",True
KM233454,1527516,Viruses,Mycobacterium phage MarQuardt,"Mycobacterium phage MarQuardt, complete genome",True
NC_022764,1406786,Viruses,Bacillus phage Page,"Bacillus phage Page, complete genome",True
NC_028947,1606763,Viruses,Mycobacterium phage Kratio,"Mycobacterium phage Kratio, complete genome",True
NC_023553,1437839,Viruses,Mycobacterium phage Echild,"Mycobacterium phage Echild, complete genome",True
NC_018283,1133022,Viruses,Burkholderia phage vB_BceS_AH2,"Burkholderia phage AH2, complete genome",True
NC_025424,1510440,Viruses,Bacillus phage Waukesha92,"Bacillus phage Waukesha92, complete genome",True
NC_028841,1589751,Viruses,Bacteriophage Lily,"Bacteriophage Lily, complete genome",True
MH171094,2182321,Viruses,Streptomyces phage Nabi,"Streptomyces phage Nabi, complete genome",True
MK359332,2502445,Viruses,Streptomyces phage Genie2,"Streptomyces phage Genie2, complete genome",True
MH910042,2419615,Viruses,Mycobacterium phage Scarlett,"Mycobacterium phage Scarlett, complete genome",True
MG099934,2047833,Viruses,Mycobacterium phage AgentM,"Mycobacterium phage AgentM, complete genome",True
MH171093,2182322,Viruses,Streptomyces phage Rana,"Streptomyces phage Rana, complete genome",True
MK433275,2510503,Viruses,Gordonia phage EMsquaredA,"Gordonia phage EMsquaredA, complete genome",True
KT381277,1701854,Viruses,Mycobacterium phage Wooldri,"Mycobacterium phage Wooldri, complete genome",True
NC_029071,1654889,Viruses,Salmonella phage 36,"Salmonella phage 36, complete genome",True
MH590587,2283301,Viruses,Mycobacterium phage xkcd,"Mycobacterium phage xkcd, complete genome",True
NC_031253,1805457,Viruses,Mycobacterium phage Bipper,"Mycobacterium phage Bipper, complete genome",True
NC_028755,1701810,Viruses,Citrobacter phage Margaery,"Citrobacter phage Margaery, complete genome",True
MK279906,2499025,Viruses,Gordonia phage Kenna,"Gordonia phage Kenna, complete genome",True
NC_028665,1647474,Viruses,Gordonia phage GTE6,"Gordonia phage GTE6, complete genome",True
KY204249,1927028,Viruses,Mycobacterium phage KFPoly,"Mycobacterium phage KFPoly, complete genome",True
MH834609,2419954,Viruses,Arthrobacter phage Daob,"Arthrobacter phage Daob, complete genome",True
JN116823,1109713,Viruses,Rhodococcus phage REQ2,"Rhodococcus phage REQ2, complete genome",True
MK279882,2499061,Viruses,Mycobacterium phage Sophia,"Mycobacterium phage Sophia, complete genome",True
NC_031280,1605379,Viruses,Acinetobacter phage vB_AbaM_phiAbaA1,"Acinetobacter phage vB_AbaM_phiAbaA1, complete genome",True
NC_014229,747763,Viruses,Streptomyces phage phiSASD1,"Streptomyces phage phiSASD1, complete genome",True
MG198778,2047870,Viruses,Corynebacterium phage PotatoChip,"Corynebacterium phage PotatoChip, complete genome",True
NC_031098,1852629,Viruses,Acinetobacter phage vB_AbaS_TRS1,"Acinetobacter phage vB_AbaS_TRS1, complete genome",True
NC_009127,180230,Viruses,Cyprinid herpesvirus 3,"Cyprinid herpesvirus 3, complete genome",True
NC_016762,1129145,Viruses,Pseudomonas phage phi297,"Pseudomonas phage phi297, complete genome",True
MH651190,2301715,Viruses,Streptomyces phage Thestral,"Streptomyces phage Thestral, complete genome",True
NC_011589,573591,Viruses,Stenotrophomonas phage S1,"Stenotrophomonas phage S1, complete genome",True
NC_021335,2847108,Viruses,Halorubrum tailed phage 7,"Halorubrum tailed phage 7, complete genome",True
MH399775,2250377,Viruses,Mycobacterium phage Gareth,"Mycobacterium phage Gareth, complete genome",True
NC_020870,1262516,Viruses,Leuconostoc phage LN04,"Leuconostoc phage phiLN04, complete genome",True
NC_021789,1327971,Viruses,Cellulophaga phage phi19:3,"Cellulophaga phage phi19:3, complete genome",True
KR997934,1675553,Viruses,Mycobacterium phage Nhonho,"Mycobacterium phage Nhonho, complete genome",True
KU160660,1772328,Viruses,Arthrobacter phage PrincessTrina,"Arthrobacter phage PrincessTrina, complete genome",True
NC_024217,1472912,Viruses,Nitrincola phage 1M3-16,"Nitrincola phage 1M3-16, complete genome",True
NC_028777,1610833,Viruses,Bacillus phage Stills,"Bacillus phage Stills, complete genome",True
MK524508,2530157,Viruses,Mycobacterium phage Zilizebeth,"Mycobacterium phage Zilizebeth, complete genome",True
NC_031100,1805953,Viruses,Bacillus phage Phrodo,"Bacillus phage Phrodo, complete genome",True
MH910039,2419613,Viruses,Mycobacterium phage Oscar,"Mycobacterium phage Oscar, complete genome",True
NC_013197,2919548,Viruses,Thermus phage P23-77,"Thermus phage P23-77, complete genome",True
MK450423,2510577,Viruses,Mycobacterium phage Stubby,"Mycobacterium phage Stubby, complete genome",True
MH834600,2419976,Viruses,Mycobacterium phage BigCheese,"Mycobacterium phage BigCheese, complete genome",True
NC_028936,1698709,Viruses,Mycobacterium phage Enkosi,"Mycobacterium phage Enkosi, complete genome",True
JN638752,1084720,Viruses,Mycobacterium phage Murdoc,"Mycobacterium phage Murdoc, complete genome",True
MK450433,2510572,Viruses,Streptomyces phage Sebastisaurus,"Streptomyces phage Sebastisaurus, complete genome",True
NC_019510,1051673,Viruses,Erwinia phage vB_EamP-L1,"Erwinia phage vB_EamP-L1, complete genome",True
KT152029,1690425,Viruses,Streptomyces phage Caliburn,"Streptomyces phage Caliburn, complete genome",True
NC_023607,1458717,Viruses,Mycobacterium phage 40AC,"Mycobacterium phage 40AC, complete genome",True
NC_021773,1273712,Viruses,Staphylococcus phage JS01,"Staphylococcus phage JS01, complete genome",True
NC_030906,1647285,Viruses,Gordonia phage GMA6,"Gordonia phage GMA6, complete genome",True
NC_009799,28358,Viruses,Corynebacterium phage BFK20,Corynebacterium phage BFK20,True
MH590590,2283290,Viruses,Microbacterium phage Schnapsidee,"Microbacterium phage Schnapsidee, complete genome",True
NC_031090,1863011,Viruses,Shigella phage SHSML-52-1,"Shigella phage SHSML-52-1, complete genome",True
MK359311,2502429,Viruses,Mycobacterium phage SmallFry,"Mycobacterium phage SmallFry, complete genome",True
MH316564,2234029,Viruses,Mycobacterium phage Koella,"Mycobacterium phage Koella, complete genome",True
NC_003291,171618,Viruses,Listeria phage PSA,Bacteriophage PSA complete genome,True
NC_021306,1327764,Viruses,Mycobacterium phage Dumbo,"Mycobacterium phage Dumbo, complete genome",True
KX758538,1897440,Viruses,Mycobacterium phage Kerberos,"Mycobacterium phage Kerberos, complete genome",True
NC_027367,1500820,Viruses,Propionibacterium phage PHL132N00,"Propionibacterium phage PHL132N00, complete genome",True
NC_008363,2908173,Viruses,Lactococcus phage P008,"Lactococcus phage P008, complete genome",True
NC_023604,1458831,Viruses,Mycobacterium phage Jolie2,"Mycobacterium phage Jolie2, complete genome",True
NC_027365,2923006,Viruses,Mycobacterium phage Fionnbharth,"Mycobacterium phage Fionnbharth, complete genome",True
NC_018281,2922988,Viruses,Staphylococcus phage vB_SepiS-phiIPLA5,"Staphylococcus phage vB_SepiS-phiIPLA5, complete genome",True
KU985095,1821722,Viruses,Mycobacterium phage ChipMunk,"Mycobacterium phage ChipMunk, complete genome",True
NC_031115,1852627,Viruses,Morganella phage vB_MmoP_MP2,"Morganella phage vB_MmoP_MP2, complete genome",True
KM400683,1541824,Viruses,Mycobacterium phage Ariel,"Mycobacterium phage Ariel, complete genome",True
NC_004735,148943,Viruses,Rhodothermus phage RM378,"Rhodothermus phage RM378, complete genome",True
NC_008203,2911435,Viruses,Mycobacterium phage Che12,"Mycobacterium phage Che12, complete genome",True
KX580961,1897506,Viruses,Mycobacterium phage Zakai,"Mycobacterium phage Zakai, complete genome",True
NC_031074,1887641,Viruses,Gordonia phage Bantam,"Gordonia phage Bantam, complete genome",True
KU963247,1821548,Viruses,Gordonia phage Attis,"Gordonia phage Attis, complete genome",True
NC_020481,1283077,Viruses,Pelagibacter phage HTVC010P,"Pelagibacter phage HTVC010P, complete genome",True
KX507361,1873696,Viruses,Mycobacterium phage Gardann,"Mycobacterium phage Gardann, complete genome",True
MH271312,2201442,Viruses,Microbacterium phage RobsFeet,"Microbacterium phage RobsFeet, complete genome",True
NC_026588,1527512,Viruses,Mycobacterium phage Squirty,"Mycobacterium phage Squirty, complete genome",True
KX610765,1897502,Viruses,Arthrobacter phage Prospero,"Arthrobacter phage Prospero, complete genome",True
NC_007065,2908152,Viruses,Staphylococcus phage X2,"Staphylococcus phage X2, complete genome",True
NC_031921,1814285,Viruses,Flavobacterium phage Fpv5,"Flavobacterium phage Fpv5, complete genome",True
KU695582,1805460,Viruses,Mycobacterium phage McFly,"Mycobacterium phage McFly, complete genome",True
MF038791,2014348,Viruses,Arthrobacter phage ElephantMan,"Arthrobacter phage ElephantMan, complete genome",True
HM152766,861046,Viruses,Mycobacterium phage Eagle,"Mycobacterium phage Eagle, complete genome",True
NC_011286,561997,Viruses,Mycobacterium phage Butterscotch,"Mycobacterium phage Butterscotch, complete genome",True
MF668274,2027885,Viruses,Arthrobacter phage JayCookie,"Arthrobacter phage JayCookie, complete genome",True
MH669001,2301563,Viruses,Mycobacterium phage EleanorGeorge,"Mycobacterium phage EleanorGeorge, complete genome",True
NC_002486,129009,Viruses,Staphylococcus prophage phiPV83,"Staphylococcus prophage phiPV83, complete genome",True
MF185721,2015835,Viruses,Arthrobacter phage Kabreeze,"Arthrobacter phage Kabreeze, complete genome",True
MF140434,2015873,Viruses,Arthrobacter phage Wheelbite,"Arthrobacter phage Wheelbite, complete genome",True
NC_025444,711470,Viruses,Mycobacterium phage RedRock,"Mycobacterium phage RedRock, complete genome",True
NC_024711,2955582,Viruses,Carjivirus communis,"Carjivirus communis, complete genome",True
MK392366,2510525,Viruses,Streptomyces phage Janus,"Streptomyces phage Janus, complete genome",True
NC_028699,1647463,Viruses,Salmonella phage SEN34,"Salmonella phage SEN34, complete genome",True
NC_023565,1445714,Viruses,Mycobacterium phage Nyxis,"Mycobacterium phage Nyxis, complete genome",True
NC_028892,1690425,Viruses,Streptomyces phage Caliburn,"Streptomyces phage Caliburn, complete genome",True
KR080198,1647305,Viruses,Mycobacterium phage Cambiare,"Mycobacterium phage Cambiare, complete genome",True
NC_029045,1654890,Viruses,Salmonella phage 37,"Salmonella phage 37, complete genome",True
NC_023502,1414737,Viruses,Rhizobium phage vB_RleS_L338C,"Rhizobium phage vB_RleS_L338C, complete genome",True
JX307703,1211284,Viruses,Mycobacterium phage Sabertooth,"Mycobacterium phage Sabertooth, complete genome",True
NC_020862,754046,Viruses,Sulfitobacter phage phiCB2047-B,Sulfitobacter phage phiCB2047-B genomic sequence,True
KR080206,1647313,Viruses,Mycobacterium phage ShedlockHolmes,"Mycobacterium phage ShedlockHolmes, complete genome",True
KU761558,1815969,Viruses,Mycobacterium phage Loser,"Mycobacterium phage Loser, complete genome",True
NC_005284,2881399,Viruses,Burkholderia phage phi1026b,"Bacteriophage phi1026b, complete genome",True
MH669015,2301560,Viruses,Gordonia phage TillyBobJoe,"Gordonia phage TillyBobJoe, complete genome",True
NC_031121,1874000,Viruses,Bacillus phage Aurora,"Bacillus phage Aurora, complete genome",True
MH229865,2201348,Viruses,Streptomyces phage LazerLemon,"Streptomyces phage LazerLemon, complete genome",True
NC_023716,2902800,Viruses,Mycobacterium phage Alma,"Mycobacterium phage Alma, complete genome",True
NC_001697,2992577,Viruses,Haemophilus phage HP1,"Haemophilus phage HP1 strain HP1c1, complete genome",True
NC_015270,767806,Viruses,Enterococcus phage EFRM31,"Enterococcus phage EFRM31, complete genome",True
MF133445,2014349,Viruses,Mycobacterium phage Lucky2013,"Mycobacterium phage Lucky2013, complete genome",True
NC_003085,49964,Viruses,Myxococcus phage Mx8,"Myxococcus phage Mx8, complete genome",True
NC_009990,469660,Viruses,Thalassomonas phage BA3,"Thalassomonas phage BA3, complete genome",True
NC_021856,207656,Viruses,Bacillus phage phiNIT1,"Bacillus phage phiNIT1 DNA, complete genome",True
NC_004616,2905946,Viruses,Staphylococcus phage phi 12,"Staphylococcus prophage phi 12, complete genome",True
MH077585,2163598,Viruses,Mycobacterium phage TChen,"Mycobacterium phage TChen, complete genome",True
NC_009875,470865,Viruses,Staphylococcus phage SAP-2,"Staphylococcus phage SAP-2, complete genome",True
MF038790,2014347,Viruses,Arthrobacter phage Niktson,"Arthrobacter phage Niktson, complete genome",True
MK279910,2499031,Viruses,Mycobacterium phage Antonia,"Mycobacterium phage Antonia, complete genome",True
MH590602,2283295,Viruses,Mycobacterium phage Gorge,"Mycobacterium phage Gorge, complete genome",True
NC_030695,1838070,Viruses,Gordonia phage KatherineG,"Gordonia phage KatherineG, complete genome",True
MH825705,2315710,Viruses,Mycobacterium phage Mesh1,"Mycobacterium phage Mesh1, complete genome",True
KY702574,1970794,Viruses,Mycobacterium phage Kingsley,"Mycobacterium phage Kingsley, complete genome",True
MF347636,2023992,Viruses,Streptomyces phage NootNoot,"Streptomyces phage NootNoot, complete genome",True
JF937093,2922203,Viruses,Mycobacterium phage DLane,"Mycobacterium phage DLane, complete genome",True
NC_028972,1622190,Viruses,Gordonia phage Gmala1,"Gordonia phage Gmala1, complete genome",True
KY434670,1933772,Viruses,Arthrobacter phage Chestnut,"Arthrobacter phage Chestnut, complete genome",True
NC_022057,1340819,Viruses,Mycobacterium phage Catdawg,"Mycobacterium phage Catdawg, complete genome",True
MH153802,2182353,Viruses,Microbacterium phage Gargoyle,"Microbacterium phage Gargoyle, complete genome",True
NC_000867,2905728,Viruses,Pseudoalteromonas phage PM2,"Pseudoalteromonas phage PM2, complete genome",True
NC_018452,2881398,Viruses,Burkholderia phage DC1,"Burkholderia phage DC1, complete genome",True
KX664448,1897489,Viruses,Mycobacterium phage Watson,"Mycobacterium phage Watson, complete genome",True
MF140417,2015861,Viruses,Arthrobacter phage Link,"Arthrobacter phage Link, complete genome",True
MH153810,2182349,Viruses,Gordonia phage Sour,"Gordonia phage Sour, complete genome",True
MG944216,2099443,Viruses,Microbacterium phage Pajaza,"Microbacterium phage Pajaza, complete genome",True
NC_031246,1796998,Viruses,Klebsiella phage KpV71,"Klebsiella phage vB_KpnP_KpV71, complete genome",True
MK359302,2502420,Viruses,Gordonia phage Sombrero,"Gordonia phage Sombrero, complete genome",True
MK279905,2499030,Viruses,Mycobacterium phage Acquire49,"Mycobacterium phage Acquire49, complete genome",True
MH834594,2419945,Viruses,Arthrobacter phage Adaia,"Arthrobacter phage Adaia, complete genome",True
NC_028980,1718273,Viruses,Pseudomonas phage PAE1,"Pseudomonas phage PAE1, complete genome",True
KU160668,1772318,Viruses,Arthrobacter phage TaeYoung,"Arthrobacter phage TaeYoung, complete genome",True
NC_023730,1079894,Viruses,Mycobacterium phage Redi,"Mycobacterium phage Redi, complete genome",True
MG839015,2079577,Viruses,Microbacterium phage Aubergine,"Microbacterium phage Aubergine, complete genome",True
NC_012757,642111,Viruses,Vibrio phage VEJ,"Vibrio phage VEJphi, complete genome",True
NC_011166,549446,Viruses,Pseudomonas phage LMA2,"Pseudomonas phage LMA2, complete genome",True
MH834595,2419946,Viruses,Arthrobacter phage Andrew,"Arthrobacter phage Andrew, complete genome",True
NC_014649,212035,Viruses,Acanthamoeba polyphaga mimivirus,"Acanthamoeba polyphaga mimivirus, complete genome",True
MH153804,2182360,Viruses,Rhodococcus phage Jace,"Rhodococcus phage Jace, complete genome",True
MK305888,2500795,Viruses,Streptomyces phage Austintatious,"Streptomyces phage Austintatious, complete genome",True
NC_004678,2679897,Viruses,Staphylococcus phage phi44AHJD,"Staphylococcus phage phi44AHJD, complete genome",True
NC_031912,1814283,Viruses,Flavobacterium phage Fpv20,"Flavobacterium phage Fpv20, complete genome",True
NC_018271,1168478,Viruses,Nonlabens phage P12024S,"Persicivirga phage P12024S, complete genome",True
NC_018087,1049283,Viruses,Acinetobacter phage ZZ1,"Acinetobacter phage ZZ1, complete genome",True
KT222941,1679530,Viruses,Mycobacterium phage NelitzaMV,"Mycobacterium phage NelitzaMV, complete genome",True
MG839026,2079591,Viruses,Microbacterium phage Superfresh,"Microbacterium phage Superfresh, complete genome",True
NC_004173,161736,Viruses,Pseudomonas phage phi12,"Pseudomonas phage phi12 segment L, complete sequence",True
NC_028982,1296655,Viruses,Bacillus phage JL,"Bacillus phage JL, complete genome",True
NC_031004,1887651,Viruses,Gordonia phage Nyceirae,"Gordonia phage Nyceirae, complete genome",True
MG839024,2079589,Viruses,Microbacterium phage Peppino,"Microbacterium phage Peppino, complete genome",True
NC_018861,1229752,Viruses,Campylobacter phage CP30A,"Campylobacter phage CP30A, complete genome",True
MF185717,2015840,Viruses,Mycobacterium phage AlleyCat,"Mycobacterium phage AlleyCat, complete genome",True
NC_009526,2911440,Viruses,Staphylococcus phage 80alpha,"Staphylococcus phage 80alpha, complete genome",True
NC_031017,1871687,Viruses,Lactococcus phage 63301,"Lactococcus phage 63301, complete genome",True
NC_002515,2905920,Viruses,Mycoplasma phage P1,"Mycoplasma phage P1, complete genome",True
NC_002747,35345,Viruses,Lactococcus phage TP901-1,"Lactococcus phage TP901-1, complete genome",True
NC_023739,2902892,Viruses,Mycobacterium phage BillKnuckles,"Mycobacterium phage BillKnuckles, complete genome",True
NC_022056,1340824,Viruses,Mycobacterium phage Hamulus,"Mycobacterium phage Hamulus, complete genome",True
KR997929,1675548,Viruses,Mycobacterium phage Barriga,"Mycobacterium phage Barriga, complete genome",True
KR080199,1647306,Viruses,Mycobacterium phage Baee,"Mycobacterium phage Baee, complete genome",True
NC_019538,1204516,Viruses,Aeromonas phage CC2,"Aeromonas phage CC2, complete genome",True
MH536818,2250320,Viruses,Gordonia phage Frokostdame,"Gordonia phage Frokostdame, complete genome",True
NC_002185,2905727,Viruses,Streptococcus phage 7201,"Streptococcus phage 7201, complete genome",True
NC_007058,320843,Viruses,Staphylococcus phage ROSA,"Staphylococcus phage ROSA, complete genome",True
NC_007021,2908167,Viruses,Staphylococcus phage Twort,"Staphylococcus phage Twort, complete genome",True
MG962361,2094143,Viruses,Mycobacterium phage Alexphander,"Mycobacterium phage Alexphander, complete genome",True
NC_028772,1587520,Viruses,Enterobacter phage phiEap-1,"Enterobacter phage phiEap-1, complete genome",True
NC_011344,430796,Viruses,Staphylococcus phage phi2958PVL,"Staphylococcus phage phi2958PVL, complete genome",True
NC_007734,2885908,Viruses,Bacillus phage WBeta,"Bacillus phage WBeta, complete genome",True
NC_023735,691965,Viruses,Rhodococcus phage ReqiPepy6,"Rhodococcus phage ReqiPepy6, complete genome",True
NC_023549,1406793,Viruses,Clavibacter phage CN1A,"Clavibacter phage CN1A, complete genome",True
NC_028976,1674926,Viruses,Streptomyces phage Izzy,"Streptomyces phage Izzy, complete genome",True
NC_027628,1655015,Viruses,Propionibacterium phage Lauchelly,"Propionibacterium phage Lauchelly, complete genome",True
NC_005345,10702,Viruses,Streptomyces phage VWB,"Streptomyces phage VWB, complete genome",True
MK524495,2530158,Viruses,Rhodococcus phage Belenaria,"Rhodococcus phage Belenaria, complete genome",True
MH651174,2301705,Viruses,Mycobacterium phage Easy2Say,"Mycobacterium phage Easy2Say, complete genome",True
MH779513,2315543,Viruses,Mycobacterium phage Olga,"Mycobacterium phage Olga, complete genome",True
MK433264,2510508,Viruses,Gordonia phage Tiamoceli,"Gordonia phage Tiamoceli, complete genome",True
MH077579,2163592,Viruses,Mycobacterium phage Halley,"Mycobacterium phage Halley, complete genome",True
NC_028974,1636183,Viruses,Streptomyces phage YDN12,"Streptomyces phage YDN12, complete genome",True
NC_010495,424716,Viruses,Salmonella phage Vi II-E1,"Salmonella phage E1, complete genome",True
NC_022058,1383059,Viruses,Mycobacterium phage Adzzy,"Mycobacterium phage Adzzy, complete genome",True
NC_018279,1168549,Viruses,Salmonella phage vB_SosS_Oslo,"Salmonella phage vB_SosS_Oslo, complete genome",True
MK308638,2500786,Viruses,Microbacterium phage ArMaWen,"Microbacterium phage ArMaWen, complete genome",True
MG812488,2079565,Viruses,Mycobacterium phage Frankie,"Mycobacterium phage Frankie, complete genome",True
NC_028885,1640973,Viruses,Pseudomonas phage DL64,"Pseudomonas phage DL64, complete genome",True
NC_031001,1887654,Viruses,Gordonia phage Terapin,"Gordonia phage Terapin, complete genome",True
MK524519,2530147,Viruses,Mycobacterium phage Salz,"Mycobacterium phage Salz, complete genome",True
MH338238,2234076,Viruses,Mycobacterium phage Michley,"Mycobacterium phage Michley, complete genome",True
NC_027625,1655014,Viruses,Propionibacterium phage Kubed,"Propionibacterium phage Kubed, complete genome",True
NC_023706,691966,Viruses,Rhodococcus phage ReqiDocB7,"Rhodococcus phage ReqiDocB7, complete genome",True
NC_011222,99179,Viruses,Bacteroides phage B40-8,"Bacteroides phage B40-8, complete genome",True
MH536811,2250335,Viruses,Streptomyces phage Annadreamy,"Streptomyces phage Annadreamy, complete genome",True
NC_031019,876449,Viruses,Enterobacteria phage UAB_Phi20,"Enterobacteria phage UAB_Phi20, complete genome",True
KU695581,1805459,Viruses,Mycobacterium phage Mulciber,"Mycobacterium phage Mulciber, complete genome",True
KT880194,1784939,Viruses,Mycobacterium phage Glass,"Mycobacterium phage Glass, complete genome",True
MK433271,2510516,Viruses,Streptomyces phage Indigo,"Streptomyces phage Indigo, complete genome",True
MF140416,2015886,Viruses,Mycobacterium phage LastHope,"Mycobacterium phage LastHope, complete genome",True
NC_018852,1229789,Viruses,Propionibacterium phage P100D,"Propionibacterium phage P100D, complete genome",True
MH651179,2301708,Viruses,Mycobacterium phage MadMarie,"Mycobacterium phage MadMarie, complete genome",True
KU297783,1777062,Viruses,Mycobacterium phage NaSiaTalie,"Mycobacterium phage NaSiaTalie, complete genome",True
KT626047,1792149,Viruses,Mycobacterium phage Dynamix,"Mycobacterium phage Dynamix, complete genome",True
NC_027350,2885922,Viruses,Citrobacter phage Stevie,"Citrobacter phage Stevie, complete genome",True
KX344445,1873777,Viruses,Streptomyces phage Nanodon,"Streptomyces phage Nanodon, complete genome",True
KX557277,1887646,Viruses,Gordonia phage Eyre,"Gordonia phage Eyre, complete genome",True
MF185724,2015837,Viruses,Arthrobacter phage Scavito,"Arthrobacter phage Scavito, complete genome",True
NC_031046,1543206,Viruses,Staphylococcus phage BP39,"Staphylococcus phage BP39, complete genome",True
KT438501,1718172,Viruses,Mycobacterium phage Theia,"Mycobacterium phage Theia, complete genome",True
NC_020843,754075,Viruses,Vibrio phage 11895-B1,Vibrio phage 11895-B1 genomic sequence,True
KY471460,1959484,Viruses,Mycobacterium phage Jabith,"Mycobacterium phage Jabith, complete genome",True
KF024734,1340835,Viruses,Mycobacterium phage Shrimp,"Mycobacterium phage Shrimp, complete genome",True
MH834626,2419975,Viruses,Microbacterium phage Rollins,"Microbacterium phage Rollins, complete genome",True
MK112538,2488956,Viruses,Arthrobacter phage Carpal,"Arthrobacter phage Carpal, complete genome",True
NC_031072,1887643,Viruses,Gordonia phage CaptainKirk2,"Gordonia phage CaptainKirk2, complete genome",True
MF919513,2041537,Viruses,Mycobacterium phage Koguma,"Mycobacterium phage Koguma, complete genome",True
MK359346,2502470,Viruses,Mycobacterium phage NoodleTree,"Mycobacterium phage NoodleTree, complete genome",True
MK359316,2502434,Viruses,Mycobacterium phage Cueylyss,"Mycobacterium phage Cueylyss, complete genome",True
NC_028682,1458710,Viruses,Mycobacterium phage Badfish,"Mycobacterium phage Badfish, complete genome",True
NC_028855,1628720,Viruses,Acinetobacter phage YMC11/12/R2315,"Acinetobacter phage YMC11/12/R2315, complete genome",True
NC_031256,1815969,Viruses,Mycobacterium phage Loser,"Mycobacterium phage Loser, complete genome",True
KY965064,1983576,Viruses,Mycobacterium phage Pippy,"Mycobacterium phage Pippy, complete genome",True
JN006063,1035484,Viruses,Mycobacterium phage Serendipity,"Mycobacterium phage Serendipity, complete genome",True
MH271319,2201445,Viruses,Rhodococcus phage UhSalsa,"Rhodococcus phage UhSalsa, complete genome",True
KU160669,1772319,Viruses,Arthrobacter phage Tank,"Arthrobacter phage Tank, complete genome",True
MH576951,2283240,Viruses,Arthrobacter phage Copper,"Arthrobacter phage Copper, complete genome",True
KX756439,1897438,Viruses,Mycobacterium phage PhancyPhin,"Mycobacterium phage PhancyPhin, complete genome",True
NC_004306,70203,Viruses,Fibrovirus fs1,"Vibrio phage fs1, complete genome",True
NC_018832,1235559,Viruses,Providencia phage Redjac,"Providencia phage Redjac, complete genome",True
NC_022329,1354512,Viruses,Mycobacterium phage PhrostyMug,"Mycobacterium phage PhrostyMug, complete genome",True
MK450421,2510568,Viruses,Streptomyces phage Vash,"Streptomyces phage Vash, complete genome",True
NC_014900,714583,Viruses,Salmonella phage ST160,"Salmonella phage ST160, complete genome",True
NC_006548,151599,Viruses,Pseudomonas phage B3,"Pseudomonas phage B3, complete genome",True
KU530220,1784947,Viruses,Streptomyces phage Xkcd426,"Streptomyces phage Xkcd426, complete genome",True
MH536820,2250328,Viruses,Mycobacterium phage Glexan,"Mycobacterium phage Glexan, complete genome",True
KU160650,1772302,Viruses,Arthrobacter phage Jasmine,"Arthrobacter phage Jasmine, complete genome",True
NC_027204,1357423,Viruses,Sinorhizobium phage phiM12,"Sinorhizobium phage phiM12, complete genome",True
MH371109,2250351,Viruses,Microbacterium phage Lyell,"Microbacterium phage Lyell, complete genome",True
NC_022085,1383057,Viruses,Mycobacterium phage Goku,"Mycobacterium phage Goku, complete genome",True
NC_026596,1527580,Viruses,Mycobacterium phage Inventum,"Mycobacterium phage Inventum, complete genome",True
NC_027118,1076759,Viruses,Vibrio phage phiVC8,"Vibrio phage phiVC8, complete genome",True
MH045565,2126922,Viruses,Microbacterium phage Antoinette,"Microbacterium phage Antoinette, complete genome",True
NC_023600,1463812,Viruses,Mycobacterium phage Julie1,"Mycobacterium phage Jolie1, complete genome",True
NC_002669,151538,Viruses,Lactococcus phage bIL310,"Lactococcus prophage bIL310, complete genome",True
NC_018843,1177632,Viruses,Salmonella phage SSU5,"Salmonella phage SSU5, complete genome",True
KX670790,1897525,Viruses,Streptomyces phage Rima,"Streptomyces phage Rima, complete genome",True
NC_027621,1655023,Viruses,Propionibacterium phage Wizzo,"Propionibacterium phage Wizzo, complete genome",True
MK279874,2499015,Viruses,Arthrobacter phage Riovina,"Arthrobacter phage Riovina, complete genome",True
MK450431,2510571,Viruses,Streptomyces phage Lilbooboo,"Streptomyces phage Lilbooboo, complete genome",True
NC_029019,1642663,Viruses,Stenotrophomonas phage vB_SmaS-DLP_2,"Stenotrophomonas phage vB_SmaS-DLP_2, complete genome",True
NC_026016,1519999,Viruses,Staphylococcus phage phiBU01,"Staphylococcus phage phiBU01, complete genome",True
MH825710,2315714,Viruses,Mycobacterium phage Ruin,"Mycobacterium phage Ruin, complete genome",True
MG198780,2047871,Viruses,Corynebacterium phage Zion,"Corynebacterium phage Zion, complete genome",True
MH834599,2419972,Viruses,Microbacterium phage Bernstein,"Microbacterium phage Bernstein, complete genome",True
NC_011976,348058,Viruses,Salmonella phage epsilon34,"Salmonella phage epsilon34, complete genome",True
MK524507,2530137,Viruses,Mycobacterium phage Orange,"Mycobacterium phage Orange, complete genome",True
MH371122,2250366,Viruses,Mycobacterium phage Priya,"Mycobacterium phage Priya, complete genome",True
MK450435,2510573,Viruses,Gordonia phage Hello,"Gordonia phage Hello, complete genome",True
MF185728,2015844,Viruses,Mycobacterium phage Finemlucis,"Mycobacterium phage Finemlucis, complete genome",True
MF919504,2041530,Viruses,Mycobacterium phage DmpstrDiver,"Mycobacterium phage DmpstrDiver, complete genome",True
MK112550,2488981,Viruses,Streptomyces phage Olicious,"Streptomyces phage Olicious, complete genome",True
NC_029012,1655644,Viruses,Parabacteroides phage YZ-2015a,"Parabacteroides phage YZ-2015a, complete genome",True
KR337651,1655012,Viruses,Propionibacterium phage Attacne,"Propionibacterium phage Attacne, complete genome",True
NC_028904,1673877,Viruses,Streptomyces phage Amela,"Streptomyces phage Amela, complete genome",True
NC_003315,2932882,Viruses,Haemophilus phage HP2,"Haemophilus phage HP2, complete genome",True
NC_021334,1327036,Viruses,Mycobacterium phage WIVsmall,"Mycobacterium phage WIVsmall, complete genome",True
MH697579,2301548,Viruses,Mycobacterium phage Cane17,"Mycobacterium phage Cane17, complete genome",True
NC_019545,1147140,Viruses,Salmonella phage SPN3UB,"Salmonella phage SPN3UB, complete genome",True
NC_030698,1838079,Viruses,Gordonia phage Soups,"Gordonia phage Soups, complete genome",True
MK433273,2510509,Viruses,Mycobacterium phage Daishi,"Mycobacterium phage Daishi, complete genome",True
KM597531,1551710,Viruses,Mycobacterium phage Abrogate,"Mycobacterium phage Abrogate, complete genome",True
NC_013648,673837,Viruses,Enterococcus phage phiFL3A,"Enterococcus phage phiFL3A, complete genome",True
KX588251,1882465,Viruses,Mycobacterium phage Jane,"Mycobacterium phage Jane, complete genome",True
MF140428,2015889,Viruses,Mycobacterium phage Slimphazie,"Mycobacterium phage Slimphazie, complete genome",True
MG593801,2059881,Viruses,Streptomyces phage Attoomi,"Streptomyces phage Attoomi, complete genome",True
MH926057,2483719,Viruses,Corynebacterium phage Kimchi1738,"Corynebacterium phage Kimchi1738, complete genome",True
NC_007805,347324,Viruses,Pseudomonas phage F10,"Pseudomonas phage F10, complete genome",True
MH271317,2201425,Viruses,Corynebacterium phage TouchMeNot,"Corynebacterium phage TouchMeNot, complete genome",True
NC_029078,1675317,Viruses,Erysipelothrix phage SE-1,"Erysipelothrix phage SE-1, complete genome",True
MH779516,2315546,Viruses,Mycobacterium phage Waterdiva,"Mycobacterium phage Waterdiva, complete genome",True
MK524489,2530153,Viruses,Mycobacterium phage Ugenie5,"Mycobacterium phage Ugenie5, complete genome",True
NC_030914,1838071,Viruses,Gordonia phage Kvothe,"Gordonia phage Kvothe, complete genome",True
MH450131,2250416,Viruses,Arthrobacter phage Sergei,"Arthrobacter phage Sergei, complete genome",True
NC_028798,1527516,Viruses,Mycobacterium phage MarQuardt,"Mycobacterium phage MarQuardt, complete genome",True
MG925352,2099627,Viruses,Microbacterium phage Nattles,"Microbacterium phage Nattles, complete genome",True
NC_023009,1007127,Viruses,Staphylococcus aureus bacteriophage Sb-1,"Staphylococcus phage Sb-1, complete genome",True
MH153799,2182350,Viruses,Microbacterium phage Appa,"Microbacterium phage Appa, complete genome",True
KT281796,1698716,Viruses,Mycobacterium phage Zakhe101,"Mycobacterium phage Zakhe101, complete genome",True
NC_004588,198542,Viruses,Streptococcus phage 315.5,"Streptococcus prophage 315.5, complete genome",True
MH536826,2250323,Viruses,Gordonia phage Ruthy,"Gordonia phage Ruthy, complete genome",True
JQ512844,1161933,Viruses,Mycobacterium phage Twister,"Mycobacterium phage Twister, complete genome",True
MK359320,2502438,Viruses,Mycobacterium phage Cookies,"Mycobacterium phage Cookies, complete genome",True
MF324900,2015832,Viruses,Rhodococcus phage StCroix,"Rhodococcus phage StCroix, complete genome",True
NC_013646,673832,Viruses,Enterococcus phage phiFL1A,"Enterococcus phage phiFL1A, complete genome",True
NC_031249,1821563,Viruses,Gordonia phage UmaThurman,"Gordonia phage UmaThurman, complete genome",True
NC_023700,2920888,Viruses,Pseudomonas phage PA1/KOR/2010,"Pseudomonas phage PA1/KOR/2010, complete genome",True
NC_025420,1500733,Viruses,Lactobacillus phage Ld17,"Lactobacillus phage Ld17, complete genome",True
MK524513,2530134,Viruses,Mycobacterium phage Munch,"Mycobacterium phage Munch, complete genome",True
JF937105,1034115,Viruses,Mycobacterium phage Rey,"Mycobacterium phage Rey, complete genome",True
JN638753,1084721,Viruses,Mycobacterium phage Morgushi,"Mycobacterium phage Morgushi, complete genome",True
KX641261,1897544,Viruses,Mycobacterium phage Isiphiwo,"Mycobacterium phage Isiphiwo, complete genome",True
KX688103,1897428,Viruses,Arthrobacter phage Greenhouse,"Arthrobacter phage Greenhouse, complete genome",True
NC_020158,1262528,Viruses,Haloarcula vallismortis tailed virus 1,"Halovirus HVTV-1, complete genome",True
NC_023576,1455075,Viruses,Citrobacter phage CR44b,Citrobacter phage CR44b complete genome,True
NC_005355,139870,Viruses,Lactobacillus prophage Lj965,"Lactobacillus prophage Lj965, complete genome",True
MH371116,2250358,Viruses,Mycobacterium phage DMoney,"Mycobacterium phage DMoney, complete genome",True
MK524490,2530126,Viruses,Mycobacterium phage Donny,"Mycobacterium phage Donny, complete genome",True
MG812491,2079568,Viruses,Mycobacterium phage ItsyBitsy1,"Mycobacterium phage ItsyBitsy1, complete genome",True
KU935731,1821541,Viruses,Mycobacterium phage Phrann,"Mycobacterium phage Phrann, complete genome",True
NC_009820,439809,Viruses,Mycobacterium phage Tweety,"Mycobacterium phage Tweety, complete genome",True
MF668269,2027892,Viruses,Mycobacterium phage Drake55,"Mycobacterium phage Drake55, complete genome",True
NC_023606,1458841,Viruses,Mycobacterium phage CRB1,"Mycobacterium phage CRB1, complete genome",True
NC_009542,2913974,Viruses,Aeromonas phage phiO18P,"Aeromonas phage phiO18P, complete genome",True
NC_031902,1813783,Viruses,Salmonella phage 100268_sal2,"Salmonella phage 100268_sal2, complete genome",True
NC_028774,1675609,Viruses,Klebsiella phage Sushi,"Klebsiella phage Sushi, complete genome",True
MH051258,2126955,Viruses,Mycobacterium phage SamScheppers,"Mycobacterium phage SamScheppers, complete genome",True
NC_019408,2927986,Viruses,Caulobacter phage CcrRogue,"Caulobacter phage CcrRogue, complete genome",True
NC_025416,1524910,Viruses,Staphylococcus phage MCE-2014,"Staphylococcus phage MCE-2014, complete genome",True
NC_028917,1505026,Viruses,Staphylococcus phage 3MRA,"Staphylococcus phage 3MRA, complete genome",True
NC_029097,1662330,Viruses,Rhodobacter phage RcTitan,"Rhodobacter phage RcTitan, complete genome",True
NC_007051,320836,Viruses,Staphylococcus phage 2638A,"Staphylococcus phage 2638A, complete genome",True
MH825701,2315707,Viruses,Mycobacterium phage Flare16,"Mycobacterium phage Flare16, complete genome",True
NC_011308,560178,Viruses,Listeria phage P40,"Listeria phage P40, complete genome",True
KM363596,1541819,Viruses,Mycobacterium phage Omnicron,"Mycobacteriophage Omnicron, complete genome",True
JF937097,1034106,Viruses,Mycobacterium phage Hertubise,"Mycobacterium phage Hertubise, complete genome",True
MH651168,2301692,Viruses,Gordonia phage Ashertheman,"Gordonia phage Ashertheman, complete genome",True
KR080201,1647308,Viruses,Mycobacterium phage Nerujay,"Mycobacterium phage Nerujay, complete genome",True
NC_028916,1636249,Viruses,Proteus phage vB_PmiP_Pm5460,"Proteus phage vB_PmiP_Pm5460, complete genome",True
MK359348,2502472,Viruses,Mycobacterium phage Rahel,"Mycobacterium phage Rahel, complete genome",True
NC_012092,593131,Viruses,Pseudomonas phage phi2954,"Pseudomonas phage phi2954 segment M, complete sequence",True
MG962370,2094135,Viruses,Mycobacterium phage Kykar,"Mycobacterium phage Kykar, complete genome",True
MH632119,2282909,Viruses,Mycobacterium phage Harley,"Mycobacterium phage Harley, complete genome",True
KJ944841,1506716,Viruses,Mycobacterium phage Cheetobro,"Mycobacterium phage Cheetobro, complete genome",True
MH271308,2201439,Viruses,Microbacterium phage Percival,"Microbacterium phage Percival, complete genome",True
MH001459,2108125,Viruses,Mycobacterium phage KittenMittens,"Mycobacterium phage KittenMittens, complete genome",True
NC_016567,700512,Viruses,Vibrio phage SIO-2,"Vibrio phage SIO-2, complete genome",True
MG925341,2099628,Viruses,Mycobacterium phage EpicPhail,"Mycobacterium phage EpicPhail, complete genome",True
NC_028700,35344,Viruses,Streptococcus phage T12,"Streptococcus phage T12, complete genome",True
NC_028907,1089127,Viruses,Mycobacterium phage Kikipoo,"Mycobacterium phage Kikipoo, complete genome",True
NC_021311,1327937,Viruses,Mycobacterium phage Phaux,"Mycobacterium phage Phaux, complete genome",True
MH536828,2250333,Viruses,Mycobacterium phage Snape,"Mycobacterium phage Snape, complete genome",True
MH536825,2250331,Viruses,Mycobacterium phage Ollie,"Mycobacterium phage Ollie, complete genome",True
MG593803,2059883,Viruses,Streptomyces phage Rowa,"Streptomyces phage Rowa, complete genome",True
JF937096,1034105,Viruses,Mycobacterium phage Henry,"Mycobacterium phage Henry, complete genome",True
MH155877,2182404,Viruses,Streptomyces phage Rainydai,"Streptomyces phage Rainydai, complete genome",True
NC_020863,754058,Viruses,Vibrio phage PWH3a-P1,Vibrio phage PWH3a-P1 genomic sequence,True
KT309034,1698357,Viruses,Mycobacterium phage Dante,"Mycobacterium phage Dante, complete genome",True
MF324911,2015824,Viruses,Mycobacterium phage SirPhilip,"Mycobacterium phage SirPhilip, complete genome",True
KU998253,1838075,Viruses,Gordonia phage Orchid,"Gordonia phage Orchid, complete genome",True
MF140418,2015860,Viruses,Arthrobacter phage LiSara,"Arthrobacter phage LiSara, complete genome",True
MH399774,2250376,Viruses,Mycobacterium phage DoctorDiddles,"Mycobacterium phage DoctorDiddles, complete genome",True
MH727544,2301605,Viruses,Mycobacterium phage Dalmuri,"Mycobacterium phage Dalmuri, complete genome",True
NC_028817,1716041,Viruses,Pseudomonas phage K8,"Pseudomonas phage K8, complete genome",True
KX641265,1897549,Viruses,Mycobacterium phage Taheera,"Mycobacterium phage Taheera, complete genome",True
NC_004680,2907829,Viruses,Mycobacterium phage Che8,"Mycobacterium phage Che8, complete genome",True
NC_028247,1675603,Viruses,Citrobacter phage Michonne,"Citrobacter phage Michonne, complete genome",True
NC_027357,1500799,Viruses,Propionibacterium phage PHL025M00,"Propionibacterium phage PHL025M00, complete genome",True
NC_013155,2898541,Viruses,Lactococcus phage CB13,"Lactococcus phage CB13, complete genome",True
NC_002671,151539,Viruses,Lactococcus phage bIL312,"Lactococcus prophage bIL312, complete genome",True
MF919530,2041548,Viruses,Mycobacterium phage Sheila,"Mycobacterium phage Sheila, complete genome",True
NC_025421,1500735,Viruses,Lactobacillus phage Ld3,"Lactobacillus phage Ld3, complete genome",True
MK310142,2500806,Viruses,Mycobacterium phage MetalQZJ,"Mycobacterium phage MetalQZJ, complete genome",True
NC_017974,1162295,Viruses,Cronobacter phage CR3,"Cronobacter phage CR3, complete genome",True
KU160649,1772301,Viruses,Arthrobacter phage Immaculata,"Arthrobacter phage Immaculata, complete genome",True
NC_018278,1132026,Viruses,Burkholderia phage vB_BceS_KL1,"Burkholderia phage KL1, complete genome",True
MH976516,2483663,Viruses,Corynebacterium phage PeteyPab,"Corynebacterium phage PeteyPab, complete genome",True
NC_009541,376758,Viruses,Propionibacterium phage PA6,"Propionibacterium phage PA6, complete genome",True
MG962371,2094136,Viruses,Mycobacterium phage LaterM,"Mycobacterium phage LaterM, complete genome",True
NC_021806,1327990,Viruses,Cellulophaga phage phi14:2,"Cellulophaga phage phi14:2, complete genome",True
KP057620,1567483,Viruses,Mycobacterium phage HamSlice,"Mycobacterium phage HamSlice, complete genome",True
KX619650,1897503,Viruses,Mycobacterium phage Jerm,"Mycobacterium phage Jerm, complete genome",True
MF377442,2024007,Viruses,Arthrobacter phage Franzy,"Arthrobacter phage Franzy, complete genome",True
KU963250,1821564,Viruses,Gordonia phage Vivi2,"Gordonia phage Vivi2, complete genome",True
NC_029067,573172,Viruses,Vibrio phage eugene 12A10,Vibrio phage eugene 12A10 genomic sequence,True
MK359349,2502473,Viruses,Mycobacterium phage FoxtrotP1,"Mycobacterium phage FoxtrotP1, complete genome",True
MK524515,2530138,Viruses,Mycobacterium phage Parmesanjohn,"Mycobacterium phage Parmesanjohn, complete genome",True
MK279903,2499071,Viruses,Mycobacterium phage Zetzy,"Mycobacterium phage Zetzy, complete genome",True
MG757161,2079421,Viruses,Mycobacterium phage LugYA,"Mycobacterium phage LugYA, complete genome",True
MF766046,2041207,Viruses,Streptomyces phage Diane,"Streptomyces phage Diane, complete genome",True
NC_029009,1597976,Viruses,Enterococcus phage EFDG1,"Enterococcus phage EFDG1, complete genome",True
NC_005822,12390,Viruses,Lactococcus phage phiLC3,"Lactococcus phage phiLC3, complete genome",True
NC_028770,1175657,Viruses,Pseudomonas phage PaMx11,"Pseudomonas phage PaMx11, complete genome",True
NC_024383,1458855,Viruses,Listeria phage LP-083-2,"Listeria phage LP-083-2, complete genome",True
KM463009,1552733,Viruses,Mycobacterium phage Power,"Mycobacterium phage Power, complete genome",True
NC_024204,1465613,Viruses,Salmonella phage vB_SenS-Ent3,Salmonella phage vB_SenS-Ent3 complete genome,True
NC_029008,1643326,Viruses,Bacillus phage phi4J1,"Bacillus phage phi4J1, complete genome",True
MF919505,2041559,Viruses,Propionibacterium phage DrParker,"Propionibacterium phage DrParker, complete genome",True
NC_027358,1536605,Viruses,Leuconostoc phage Ln-9,"Leuconostoc phage Ln-9, complete genome",True
NC_005857,255431,Viruses,Klebsiella phage phiKO2,"Klebsiella phage phiKO2, complete genome",True
NC_028911,1739611,Viruses,Lactobacillus phage iLp1308,"Lactobacillus phage iLp1308, complete genome",True
NC_021529,115992,Viruses,Vibrio phage nt-1,"Vibrio phage nt-1, complete genome",True
MH509447,2250289,Viruses,Microbacterium phage Eden,"Microbacterium phage Eden, complete genome",True
KX550441,1881139,Viruses,Mycobacterium phage LittleGuy,"Mycobacterium phage LittleGuy, complete genome",True
NC_028818,1636184,Viruses,Streptomyces phage TP1604,"Streptomyces phage TP1604, complete genome",True
MH976518,2483674,Viruses,Gordonia phage Stultus,"Gordonia phage Stultus, complete genome",True
NC_028890,1690456,Viruses,Bacillus phage TsarBomba,"Bacillus phage TsarBomba, complete genome",True
MF766048,2041209,Viruses,Streptomyces phage Tefunt,"Streptomyces phage Tefunt, complete genome",True
NC_028694,1747271,Viruses,Propionibacterium phage PA1-14,"Propionibacterium phage PA1-14, complete genome",True
NC_010355,467481,Viruses,Azospirillum phage Cd,"Azospirillum phage Cd, complete genome",True
NC_004066,114416,Viruses,Lactococcus phage ul36,"Lactococcus phage ul36, complete genome",True
NC_029025,1610872,Viruses,Staphylococcus phage IME-SA4,"Staphylococcus phage IME-SA4, complete genome",True
NC_003793,185959,Viruses,Spiroplasma phage C74,"Spiroplasma phage 1-C74, complete genome",True
NC_031277,1815972,Viruses,Mycobacterium phage ArcherNM,"Mycobacterium phage ArcherNM, complete genome",True
MK279851,2499002,Viruses,Arthrobacter phage Eunoia,"Arthrobacter phage Eunoia, complete genome",True
NC_020416,1087482,Viruses,Salmonella phage vB_SenM-S16,"Salmonella phage S16, complete genome",True
KX375815,1873989,Viruses,Mycobacterium phage ToneTone,"Mycobacterium phage ToneTone, complete genome",True
MG099943,2047838,Viruses,Mycobacterium phage Familton,"Mycobacterium phage Familton, complete genome",True
NC_031926,1792273,Viruses,Flavobacterium phage 2A,"Flavobacterium phage 2A, complete genome",True
NC_023688,926067,Viruses,Aeromonas phage PX29,"Aeromonas phage PX29, complete genome",True
MG839022,2079587,Viruses,Microbacterium phage Ludgate,"Microbacterium phage Ludgate, complete genome",True
NC_011216,557289,Viruses,Burkholderia phage KS10,"Burkholderia phage KS10, complete genome",True
NC_031052,1887655,Viruses,Gordonia phage Twister6,"Gordonia phage Twister6, complete genome",True
MH727560,2301601,Viruses,Corynebacterium phage SamW,"Corynebacterium phage SamW, complete genome",True
GU247133,701454,Viruses,Mycobacterium phage Fang,"Mycobacterium phage Fang, complete genome",True
NC_002484,2932880,Viruses,Pseudomonas phage D3,"Bacteriophage D3, complete genome",True
KT365402,1701803,Viruses,Mycobacterium phage Tres,"Mycobacterium phage Tres, complete genome",True
NC_027400,1500802,Viruses,Propionibacterium phage PHL055N00,"Propionibacterium phage PHL055N00, complete genome",True
NC_022324,1340827,Viruses,Mycobacterium phage SarFire,"Mycobacterium phage SarFire, complete genome",True
NC_022090,1235659,Viruses,Staphylococcus phage vB_SauM_Remus,"Staphylococcus phage vB_SauM_Remus, complete genome",True
MF185732,2015849,Viruses,Mycobacterium phage Stagni,"Mycobacterium phage Stagni, complete genome",True
NC_028801,1034149,Viruses,Mycobacterium phage Vortex,"Mycobacterium phage Vortex, complete sequence",True
KT281793,1698713,Viruses,Mycobacterium phage Seagreen,"Mycobacterium phage Seagreen, complete genome",True
NC_029093,1647311,Viruses,Mycobacterium phage Mindy,"Mycobacterium phage Mindy, complete genome",True
NC_007048,2908097,Viruses,Staphylococcus phage 69,"Staphylococcus phage 69, complete genome",True
MH020238,2126815,Viruses,Mycobacterium phage Lilith,"Mycobacterium phage Lilith, complete genome",True
NC_023602,1445729,Viruses,Mycobacterium phage 32HC,"Mycobacterium phage 32HC, complete genome",True
NC_015253,857312,Viruses,Brochothrix phage A9,"Brochothrix phage A9, complete genome",True
KY224000,1927021,Viruses,Mycobacterium phage Rich,"Mycobacterium phage Rich, complete genome",True
NC_008294,12024,Viruses,Pseudomonas phage PRR1,"Pseudomonas phage PRR1, complete genome",True
MF919537,2041516,Viruses,Gordonia phage Toniann,"Gordonia phage Toniann, complete genome",True
MF324905,2015826,Viruses,Rhodococcus phage Alatin,"Rhodococcus phage Alatin, complete genome",True
KU985096,1821726,Viruses,Mycobacterium phage Kazan,"Mycobacterium phage Kazan, complete genome",True
NC_030905,1838084,Viruses,Gordonia phage Woes,"Gordonia phage Woes, complete genome",True
MH576975,2283260,Viruses,Mycobacterium phage Target,"Mycobacterium phage Target, complete genome",True
NC_031905,1814287,Viruses,Flavobacterium phage Fpv7,"Flavobacterium phage Fpv7, complete genome",True
NC_031027,1805954,Viruses,Bacillus phage SageFayge,"Bacillus phage SageFayge, complete genome",True
NC_024791,1529058,Viruses,Vibrio phage ICP2_2013_A_Haiti,"Vibrio phage ICP2_2013_A_Haiti, complete genome",True
NC_027379,1560283,Viruses,Proteus phage PM 85,"Proteus phage PM 85, complete genome",True
MK279892,2499021,Viruses,Arthrobacter phage Wawa,"Arthrobacter phage Wawa, complete genome",True
MH001455,2108130,Viruses,Mycobacterium phage Remy19,"Mycobacterium phage Remy19, complete genome",True
MK524492,2530127,Viruses,Mycobacterium phage Expelliarmus,"Mycobacterium phage Expelliarmus, complete genome",True
NC_026586,1548907,Viruses,Pseudomonas phage vB_PaeM_PAO1_Ab27,"Pseudomonas phage vB_PaeM_PAO1_Ab27, complete genome",True
NC_031007,1883372,Viruses,Erwinia phage vB_EamM_EarlPhillipIV,"Erwinia phage vB_EamM_EarlPhillipIV, complete genome",True
MH020235,2126812,Viruses,Mycobacterium phage Batiatus,"Mycobacterium phage Batiatus, complete genome",True
NC_002194,105154,Viruses,Chlamydia phage 2,"Chlamydia phage Chp2, complete genome",True
NC_028750,1675607,Viruses,Klebsiella phage Matisse,"Klebsiella phage Matisse, complete genome",True
NC_014636,879630,Viruses,Aeromonas phage phiAS5,"Aeromonas phage phiAS5, complete genome",True
MG839027,2079581,Viruses,Microbacterium phage Eleri,"Microbacterium phage Eleri, complete genome",True
MK279854,2499003,Viruses,Arthrobacter phage GreenHearts,"Arthrobacter phage GreenHearts, complete genome",True
NC_008196,2681623,Viruses,Mycobacterium phage Llij,"Mycobacterium phage Llij, complete genome",True
MH834597,2419947,Viruses,Arthrobacter phage Atraxa,"Arthrobacter phage Atraxa, complete genome",True
NC_007646,10398,Viruses,Ovine gammaherpesvirus 2,"Ovine herpesvirus 2 strain BJ1035, complete genome",True
MG518519,2053812,Viruses,Streptomyces phage Manuel,"Streptomyces phage Manuel, complete genome",True
NC_028853,1572743,Viruses,Mannheimia phage vB_MhS_535AP2,"Mannheimia phage vB_MhS_535AP2, complete genome",True
NC_027366,1540090,Viruses,Bacillus phage Mater,"Bacillus phage Mater, complete genome",True
NC_011048,2884424,Viruses,Bacillus phage phi29,"Bacillus phage phi29, complete genome",True
NC_011167,2884422,Viruses,Bacillus phage IEBH,"Bacillus phage IEBH, complete genome",True
MF140432,2015871,Viruses,Arthrobacter phage Teacup,"Arthrobacter phage Teacup, complete genome",True
KT591076,1784843,Viruses,Mycobacterium phage Weiss13,"Mycobacterium phage Weiss13, complete genome",True
MK279852,2499040,Viruses,Mycobacterium phage Fringe,"Mycobacterium phage Fringe, complete genome",True
MH744419,2315608,Viruses,Arthrobacter phage KBurrousTX,"Arthrobacter phage KBurrousTX, complete genome",True
NC_005135,2907963,Viruses,Aeromonas phage 44RR2.8t,"Aeromonas phage 44RR2.8t, complete genome",True
NC_016166,1100814,Viruses,Gordonia phage GTE7,"Gordonia phage GTE7, complete genome",True
MK376960,2507861,Viruses,Gordonia phage BiPauneto,"Gordonia phage BiPauneto, complete genome",True
NC_009935,386792,Viruses,Pseudomonas phage LKD16,"Pseudomonas phage LKD16, complete genome",True
NC_031122,1887646,Viruses,Gordonia phage Eyre,"Gordonia phage Eyre, complete genome",True
MH171096,2182318,Viruses,Streptomyces phage Eddasa,"Streptomyces phage Eddasa, complete genome",True
MH316570,2234033,Viruses,Mycobacterium phage Silvafighter,"Mycobacterium phage Silvafighter, complete genome",True
NC_031026,1837218,Viruses,Salmonella phage phSE-2,"Salmonella phage phSE-2, complete genome",True
MH229863,2201347,Viruses,Streptomyces phage JackieB,"Streptomyces phage JackieB, complete genome",True
MF919532,2041550,Viruses,Mycobacterium phage Sulley,"Mycobacterium phage Sulley, complete genome",True
NC_023551,1432658,Viruses,Enterococcus phage IME-EF4,"Enterococcus phage IME-EF4, complete genome",True
NC_023727,1089108,Viruses,Mycobacterium phage Vista,"Mycobacterium phage Vista, complete genome",True
KU613353,1792253,Viruses,Mycobacterium phage Catalina,"Mycobacterium phage Catalina, complete genome",True
NC_013420,2570911,Viruses,Streptomyces phage ZL12,"Streptomyces phage ZL12, complete genome",True
MH590603,2283286,Viruses,Gordonia phage Daredevil,"Gordonia phage Daredevil, complete genome",True
MK279881,2499060,Viruses,Mycobacterium phage Solosis,"Mycobacterium phage Solosis, complete genome",True
MF975638,2041353,Viruses,Streptomyces phage Abt2graduatex2,"Streptomyces phage Abt2graduatex2, complete genome",True
NC_029029,1296661,Viruses,Brevibacillus phage Abouo,"Brevibacillus phage Abouo, complete genome",True
MK112540,2488968,Viruses,Mycobacterium phage Froghopper,"Mycobacterium phage Froghopper, complete genome",True
NC_028679,1701808,Viruses,Acinetobacter phage vB_AbaP_PD-AB9,"Acinetobacter phage vB_AbaP_PD-AB9, complete genome",True
MH536823,2250324,Viruses,Microbacterium phage Musetta,"Microbacterium phage Musetta, complete genome",True
KX557273,1887642,Viruses,Gordonia phage BatStarr,"Gordonia phage BatStarr, complete genome",True
MF140429,2015869,Viruses,Arthrobacter phage Swenson,"Arthrobacter phage Swenson, complete genome",True
MH450120,2250412,Viruses,Arthrobacter phage KeaneyLin,"Arthrobacter phage KeaneyLin, complete genome",True
MH371115,2250357,Viruses,Mycobacterium phage Clifton,"Mycobacterium phage Clifton, complete genome",True
MH576969,2283248,Viruses,Gordonia phage Zarbodnamra,"Gordonia phage Zarbodnamra, complete genome",True
NC_028899,1689679,Viruses,Ralstonia phage RSF1,"Ralstonia phage RSF1 DNA, complete genome",True
KX688102,1897429,Viruses,Arthrobacter phage Oxynfrius,"Arthrobacter phage Oxynfrius, complete genome",True
NC_009231,2849703,Viruses,Clostridioides phage phiC2,"Clostridioides phage phiC2, complete genome",True
MH171095,2182320,Viruses,Streptomyces phage Maneekul,"Streptomyces phage Maneekul, complete genome",True
MH001454,2108120,Viruses,Gordonia phage Waits,"Gordonia phage Waits, complete genome",True
NC_031005,1654782,Viruses,Propionibacterium phage QueenBey,"Propionibacterium phage QueenBey, complete genome",True
MF140430,2015890,Viruses,Mycobacterium phage Tachez,"Mycobacterium phage Tachez, complete genome",True
KT355471,1698361,Viruses,Arthrobacter phage Decurro,"Arthrobacter phage Decurro, complete genome",True
NC_028673,1647286,Viruses,Gordonia phage GMA7,"Gordonia phage GMA7, complete genome",True
NC_028675,691318,Viruses,Acinetobacter phage phiAB1,"Acinetobacter phage phiAB1, complete genome",True
KM101117,1527533,Viruses,Mycobacterium phage LizLemon,"Mycobacterium phage LizLemon, complete genome",True
MH051250,2126948,Viruses,Mycobacterium phage Coog,"Mycobacterium phage Coog, complete genome",True
NC_026595,1527511,Viruses,Mycobacterium phage Hades,"Mycobacterium phage Hades, complete genome",True
MH271297,2201449,Viruses,Rhodococcus phage Erik,"Rhodococcus phage Erik, complete genome",True
MK359354,2502451,Viruses,Mycobacterium phage PinkPlastic,"Mycobacterium phage PinkPlastic, complete genome",True
MH779508,2315532,Viruses,Gordonia phage Jifall16,"Gordonia phage Jifall16, complete genome",True
KT004677,1673876,Viruses,Mycobacterium phage UnionJack,"Mycobacterium phage UnionJack, complete genome",True
KX576644,1897769,Viruses,Mycobacterium phage WillSterrel,"Mycobacterium phage WillSterrel, complete genome",True
NC_031075,1862960,Viruses,Lactococcus phage M5938,"Lactococcus phage M5938, complete genome",True
JF937090,2902882,Viruses,Mycobacterium phage Baka,"Mycobacterium phage Baka, complete genome",True
NC_028836,1640972,Viruses,Pseudomonas phage DL62,"Pseudomonas phage DL62, complete genome",True
KX640831,1897496,Viruses,Mycobacterium phage Margo,"Mycobacterium phage Margo, complete genome",True
NC_021308,1327770,Viruses,Mycobacterium phage HINdeR,"Mycobacterium phage HINdeR, complete genome",True
MH045564,2126936,Viruses,Microbacterium phage TeddyBear,"Microbacterium phage TeddyBear, complete genome",True
NC_001900,2905674,Viruses,Mycobacterium phage D29,"Mycobacterium virus D29, complete genome",True
MH077577,2163590,Viruses,Mycobacterium phage AlishaPH,"Mycobacterium phage AlishaPH, complete genome",True
MH651188,2301713,Viruses,Mycobacterium phage Ruby,"Mycobacterium phage Ruby, complete genome",True
KU998241,1838073,Viruses,Gordonia phage Monty,"Gordonia phage Monty, complete genome",True
KR063280,1647285,Viruses,Gordonia phage GMA6,"Gordonia phage GMA6, complete genome",True
NC_018849,1229788,Viruses,Propionibacterium phage P105,"Propionibacterium phage P105, complete genome",True
NC_019932,947843,Viruses,Erwinia phage ENT90,"Erwinia phage ENT90, complete genome",True
MH479915,2250393,Viruses,Gordonia phage GEazy,"Gordonia phage GEazy, complete genome",True
NC_024367,1477404,Viruses,Dinoroseobacter phage DFL12phi1,"Dinoroseobacter phage DFL12phi1, complete genome",True
NC_031255,1821561,Viruses,Gordonia phage Schnabeltier,"Gordonia phage Schnabeltier, complete genome",True
NC_020879,1198014,Viruses,Aeromonas phage Aes012,"Aeromonas phage Aes012, complete genome",True
NC_031931,1814282,Viruses,Flavobacterium phage Fpv2,"Flavobacterium phage Fpv2, complete genome",True
NC_025465,1204540,Viruses,Enterococcus phage EfaCPT1,"Enterococcus phage EfaCPT1, complete genome",True
KR337648,1655020,Viruses,Propionibacterium phage SKKY,"Propionibacterium phage SKKY, complete genome",True
KX641260,1897548,Viruses,Mycobacterium phage Stasia,"Mycobacterium phage Stasia, complete genome",True
KU160645,1772297,Viruses,Arthrobacter phage Glenn,"Arthrobacter phage Glenn, complete genome",True
KY783914,1970789,Viruses,Mycobacterium phage GardenSalsa,"Mycobacterium phage GardenSalsa, complete genome",True
MH399779,2250370,Viruses,Microbacterium phage Jacko,"Microbacterium phage Jacko, complete genome",True
KR080196,1647303,Viruses,Mycobacterium phage Momo,"Mycobacterium phage Momo, complete genome",True
KT347313,1698358,Viruses,Mycobacterium phage Brusacoram,"Mycobacterium phage Brusacoram, complete genome",True
JN699018,1089126,Viruses,Mycobacterium phage Kamiyu,"Mycobacterium phage Kamiyu, complete genome",True
NC_031914,1792274,Viruses,Flavobacterium phage Fpv1,"Flavobacterium phage Fpv1, complete genome",True
NC_024121,1481112,Viruses,Serratia phage PS2,"Serratia phage PS2, complete genome",True
MK359321,2502439,Viruses,Mycobacterium phage Phusco,"Mycobacterium phage Phusco, complete genome",True
NC_020083,1262513,Viruses,Serratia phage phiMAM1,"Serratia phage phiMAM1, complete genome",True
KU998242,1838067,Viruses,Gordonia phage Demosthenes,"Gordonia phage Demosthenes, complete genome",True
NC_027346,1500827,Viruses,Propionibacterium phage PHL171M01,"Propionibacterium phage PHL171M01, complete genome",True
MH590606,2283287,Viruses,Microbacterium phage Andromedas,"Microbacterium phage Andromedas, complete genome",True
KU998239,1838066,Viruses,Gordonia phage Cozz,"Gordonia phage Cozz, complete genome",True
NC_028851,1636255,Viruses,Paenibacillus phage Fern,"Paenibacillus phage Fern, complete genome",True
MF766044,2041205,Viruses,Streptomyces phage Amethyst,"Streptomyces phage Amethyst, complete genome",True
MK305887,2500792,Viruses,Mycobacterium phage HuhtaEnerson15,"Mycobacterium phage HuhtaEnerson15, complete genome",True
MH834619,2419961,Viruses,Arthrobacter phage Maureen,"Arthrobacter phage Maureen, complete genome",True
NC_021338,1327947,Viruses,Mycobacterium phage Chy4,"Mycobacterium phage Chy4, complete genome",True
NC_015720,981323,Viruses,Gordonia phage GTE2,"Gordonia phage GTE2, complete genome",True
NC_011614,2681608,Viruses,Staphylococcus phage vB_SauS-phiIPLA88,"Staphylococcus phage phiSauS-IPLA88, complete genome",True
MK359300,2502418,Viruses,Mycobacterium phage AFIS,"Mycobacterium phage AFIS, complete genome",True
MK279846,2499036,Viruses,Mycobacterium phage Cosmolli16,"Mycobacterium phage Cosmolli16, complete genome",True
NC_021790,1327982,Viruses,Cellulophaga phage phi18:1,"Cellulophaga phage phi18:1, complete genome",True
NC_007050,2908111,Viruses,Staphylococcus phage 85,"Staphylococcus phage 85, complete genome",True
KX683292,1897479,Viruses,Mycobacterium phage Held,"Mycobacterium phage Held, complete genome",True
MH045566,2126928,Viruses,Microbacterium phage Didgeridoo,"Microbacterium phage Didgeridoo, complete genome",True
NC_020873,1195072,Viruses,Bacillus phage vB_BceM_Bc431v3,"Bacillus cereus bacteriophage vB_BceM_Bc431v3, complete genome",True
MK310143,2500801,Viruses,Mycobacterium phage Dietrick,"Mycobacterium phage Dietrick, complete genome",True
NC_028816,1610834,Viruses,Klebsiella phage vB_KpnP_SU503,"Klebsiella phage vB_KpnP_SU503, complete genome",True
KU160663,1772313,Viruses,Arthrobacter phage Rings,"Arthrobacter phage Rings, complete genome",True
KX721256,1897432,Viruses,Mycobacterium phage Erdmann,"Mycobacterium phage Erdmann, complete genome",True
NC_022974,1327965,Viruses,Pseudomonas phage CHA_P1,"Pseudomonas phage CHA_P1, complete genome",True
NC_012742,538979,Viruses,Xanthomonas phage phiL7,"Xanthomonas phage phiL7, complete genome",True
MH727561,2301619,Viruses,Mycobacterium phage Serendipitous,"Mycobacterium phage Serendipitous, complete genome",True
MH045568,2126931,Viruses,Microbacterium phage Kieran,"Microbacterium phage Kieran, complete genome",True
JN831654,2923007,Viruses,Mycobacterium phage Saintus,"Mycobacterium phage Saintus, complete genome",True
JN698991,1089123,Viruses,Mycobacterium phage Hedgerow,"Mycobacterium phage Hedgerow, complete genome",True
NC_009810,40522,Viruses,Listeria phage A500,"Listeria phage A500, complete genome",True
KM923971,1606763,Viruses,Mycobacterium phage Kratio,"Mycobacterium phage Kratio, complete genome",True
KT438500,1718171,Viruses,Mycobacterium phage Pari,"Mycobacterium phage Pari, complete genome",True
KU160662,1772312,Viruses,Arthrobacter phage RAP15,"Arthrobacter phage RAP15, complete genome",True
NC_008798,2993858,Viruses,Staphylococcus phage phiETA2,"Staphylococcus phage phiETA2 DNA, complete genome, strain: TY94",True
KX579975,1897540,Viruses,Mycobacterium phage Mundrea,"Mycobacterium phage Mundrea, complete genome",True
MH450116,2250420,Viruses,Mycobacterium phage Buckeye,"Mycobacterium phage Buckeye, complete genome",True
MH271307,2201438,Viruses,Microbacterium phage OlinDD,"Microbacterium phage OlinDD, complete genome",True
MH669006,2301574,Viruses,Streptomyces phage LibertyBell,"Streptomyces phage LibertyBell, complete genome",True
NC_015280,445700,Viruses,Prochlorococcus phage P-HM1,"Prochlorococcus phage P-HM1, complete genome",True
MH576953,2283255,Viruses,Mycobacterium phage Hopey,"Mycobacterium phage Hopey, complete genome",True
NC_021062,1204538,Viruses,Pseudomonas phage Phi-S1,"Pseudomonas phage Phi-S1, complete genome",True
NC_013692,655098,Viruses,Pseudomonas phage LIT1,"Pseudomonas phage LIT1, complete genome",True
MH371107,2250359,Viruses,Mycobacterium phage Doddsville,"Mycobacterium phage Doddsville, complete genome",True
NC_006949,101570,Viruses,Enterobacteria phage ES18,"Enterobacteria phage ES18, complete genome",True
NC_020080,1129147,Viruses,Klebsiella phage KP27,"Klebsiella phage KP27, complete genome",True
NC_028929,1591073,Viruses,Listeria phage vB_LmoS_293,"Listeria phage vB_LmoS_293, complete genome",True
NC_031043,1883377,Viruses,Erwinia phage vB_EamM_Phobos,"Erwinia phage vB_EamM_Phobos, complete genome",True
NC_007917,2883936,Viruses,Clostridium phage phi CD119,"Clostridium phage phi CD119, complete genome",True
NC_005880,2928685,Viruses,Staphylococcus phage K,"Staphylococcus phage K, complete genome",True
MH834621,2419963,Viruses,Arthrobacter phage Nandita,"Arthrobacter phage Nandita, complete genome",True
MH727545,2301610,Viruses,Mycobacterium phage DismalStressor,"Mycobacterium phage DismalStressor, complete genome",True
NC_029107,1483485,Viruses,Ralstonia phage RS138,"Ralstonia phage RS138 DNA, complete genome",True
JF704114,1034148,Viruses,Mycobacterium phage Vix,"Mycobacterium phage Vix, complete genome",True
NC_024138,1471542,Viruses,Mycobacterium phage MosMoris,"Mycobacterium phage MosMoris, complete genome",True
NC_019507,2881391,Viruses,Campylobacter phage CP21,"Campylobacter phage CP21, complete genome",True
MG770211,2079280,Viruses,Gordonia phage Flakey,"Gordonia phage Flakey, complete genome",True
NC_031234,1821552,Viruses,Gordonia phage Emalyn,"Gordonia phage Emalyn, complete genome",True
KR080195,1647302,Viruses,Mycobacterium phage Phayonce,"Mycobacterium phage Phayonce, complete genome",True
KT355472,1698364,Viruses,Mycobacterium phage Cedasite,"Mycobacterium phage Cedasite, complete genome",True
MH399782,2250382,Viruses,Mycobacterium phage Niza,"Mycobacterium phage Niza, complete genome",True
NC_004585,198539,Viruses,Streptococcus phage 315.2,"Streptococcus prophage 315.2, complete genome",True
NC_031095,1654928,Viruses,Klebsiella phage PKO111,"Klebsiella phage PKO111, complete genome",True
KR824843,1673889,Viruses,Mycobacterium phage Ovechkin,"Mycobacterium phage Ovechkin, complete genome",True
MH045554,2126923,Viruses,Microbacterium phage Bandik,"Microbacterium phage Bandik, complete genome",True
MK524500,2530132,Viruses,Mycobacterium phage Kevin1,"Mycobacterium phage Kevin1, complete genome",True
MK468591,2530173,Viruses,Mycobacterium phage Arissanae,"Mycobacterium phage Arissanae, complete genome",True
MH669005,2301566,Viruses,Mycobacterium phage JoeyJr,"Mycobacterium phage JoeyJr, complete genome",True
KU998251,1838070,Viruses,Gordonia phage KatherineG,"Gordonia phage KatherineG, complete genome",True
MF975637,2041354,Viruses,Streptomyces phage Scap1,"Streptomyces phage Scap1, complete genome",True
KU647627,1796996,Viruses,Arthrobacter phage Kitkat,"Arthrobacter phage Kitkat, complete genome",True
MF185723,2015836,Viruses,Arthrobacter phage RosiePosie,"Arthrobacter phage RosiePosie, complete genome",True
NC_016764,1100790,Viruses,Pseudomonas phage Bf7,"Pseudomonas phage Bf7, complete genome",True
MH576967,2283263,Viruses,Mycobacterium phage UAch1,"Mycobacterium phage UAch1, complete genome",True
KR053198,1647472,Viruses,Gordonia phage GMA5,"Gordonia phage GMA5, complete genome",True
MH744416,2315611,Viruses,Microbacterium phage Dongwon,"Microbacterium phage Dongwon, complete genome",True
KT365399,1701801,Viruses,Mycobacterium phage Annihilator,"Mycobacterium phage Annihilator, complete genome",True
KR063278,1647286,Viruses,Gordonia phage GMA7,"Gordonia phage GMA7, complete genome",True
KU160673,1772323,Viruses,Arthrobacter phage Wilde,"Arthrobacter phage Wilde, complete genome",True
NC_008202,2911433,Viruses,Mycobacterium phage Halo,"Mycobacterium phage Halo, complete genome",True
MH025890,2126784,Viruses,Gordonia phage Djokovic,"Gordonia phage Djokovic, complete genome",True
GQ303262,663556,Viruses,Mycobacterium phage LRRHood,"Mycobacterium phage LRRHood, complete genome",True
MH479925,2250397,Viruses,Gordonia phage Ronaldo,"Gordonia phage Ronaldo, complete genome",True
MG099946,2047841,Viruses,Mycobacterium phage LouisV14,"Mycobacterium phage LouisV14, complete genome",True
KU160651,1772327,Viruses,Arthrobacter phage Jawnski,"Arthrobacter phage Jawnski, complete genome",True
MH077578,2163591,Viruses,Mycobacterium phage DillTech15,"Mycobacterium phage DillTech15, complete genome",True
MH744424,2315610,Viruses,Gordonia phage Turuncu,"Gordonia phage Turuncu, complete genome",True
NC_018280,1197951,Viruses,Celeribacter phage P12053L,"Celeribacter phage P12053L, complete genome",True
NC_011046,2898538,Viruses,Lactococcus phage bIBB29,"Lactococcus phage bIBB29, complete genome",True
NC_028677,1701851,Viruses,Rhodococcus phage CosmicSans,"Rhodococcus phage CosmicSans, complete genome",True
NC_023726,2922223,Viruses,Mycobacterium phage Euphoria,"Mycobacterium phage Euphoria, complete genome",True
JQ896627,1176425,Viruses,Mycobacterium phage ICleared,"Mycobacterium phage ICleared, complete genome",True
NC_028979,1506716,Viruses,Mycobacterium phage Cheetobro,"Mycobacterium phage Cheetobro, complete genome",True
MG099951,2047845,Viruses,Mycobacterium phage Wilkins,"Mycobacterium phage Wilkins, complete genome",True
MK279896,2499022,Viruses,Arthrobacter phage Zorro,"Arthrobacter phage Zorro, complete genome",True
KU716095,1805458,Viruses,Mycobacterium phage Myxus,"Mycobacterium phage Myxus, complete genome",True
NC_004303,2681626,Viruses,Streptococcus phage 01205,"Streptococcus phage 01205, complete genome",True
NC_018840,1229791,Viruses,Propionibacterium phage P100_1,"Propionibacterium phage P100_1, complete genome",True
NC_006557,294382,Viruses,Bacillus phage BCASJ1c,"Bacillus phage BCJA1c, complete genome",True
MH155876,2182403,Viruses,Mycobacterium phage Priamo,"Mycobacterium phage Priamo, complete genome",True
MK310140,2500804,Viruses,Mycobacterium phage Gemma,"Mycobacterium phage Gemma, complete genome",True
NC_031123,1805466,Viruses,Citrobacter phage SH3,"Citrobacter phage SH3, complete genome",True
NC_031076,1838137,Viruses,Propionibacterium phage PFR1,"Propionibacterium phage PFR1, complete genome",True
JN185608,2922987,Viruses,Mycobacterium phage JAWS,"Mycobacterium phage JAWS, complete genome",True
NC_004820,225725,Viruses,Bacillus phage phBC6A51,"Bacillus prophage phBC6A51, complete genome",True
NC_005131,247080,Viruses,Ralstonia phage p12J,"Ralstonia phage p12J, complete genome",True
KU255188,1777058,Viruses,Mycobacterium phage JenCasNa,"Mycobacterium phage JenCasNa, complete genome",True
MF919527,2041545,Viruses,Mycobacterium phage Phox,"Mycobacterium phage Phox, complete genome",True
NC_031002,1862961,Viruses,Lactococcus phage M6162,"Lactococcus phage M6162, complete genome",True
NC_019451,1158680,Viruses,Pseudomonas phage NH-4,"Pseudomonas phage NH-4, complete genome",True
NC_028922,1647305,Viruses,Mycobacterium phage Cambiare,"Mycobacterium phage Cambiare, complete genome",True
MH399771,2250373,Viruses,Mycobacterium phage ByChance,"Mycobacterium phage ByChance, complete genome",True
NC_010147,2994039,Viruses,Staphylococcus phage phiMR11,"Staphylococcus phage phiMR11 DNA, complete genome",True
MG962362,2094128,Viruses,Mycobacterium phage AltPhacts,"Mycobacterium phage AltPhacts, complete genome",True
NC_020846,754049,Viruses,Vibrio phage pYD21-A,Vibrio phage pYD21-A genomic sequence,True
NC_028958,1582151,Viruses,Clostridium phage phiCD146,"Clostridium phage phiCD146, complete genome",True
KX621005,1897554,Viruses,Arthrobacter phage Vallejo,"Arthrobacter phage Vallejo, complete genome",True
KX683293,1897480,Viruses,Mycobacterium phage Daffy,"Mycobacterium phage Daffy, complete genome",True
KM197169,1527520,Viruses,Mycobacterium phage Piro94,"Mycobacterium phage Piro94, complete genome",True
NC_019525,1127515,Viruses,Bdellovibrio phage phi1422,"Bdellovibrio phage phi1422, complete genome",True
MH051253,2126950,Viruses,Mycobacterium phage GreedyLawyer,"Mycobacterium phage GreedyLawyer, complete genome",True
NC_030947,1567010,Viruses,Clostridium phage phiCT19406B,"Clostridium phage phiCT19406B, complete genome",True
KR997931,1675550,Viruses,Mycobacterium phage Girafales,"Mycobacterium phage Girafales, complete genome",True
KU935726,1821279,Viruses,Mycobacterium phage Xerxes,"Mycobacterium phage Xerxes, complete genome",True
NC_021307,1327776,Viruses,Mycobacterium phage Severus,"Mycobacterium phage Severus, complete genome",True
MK279895,2499070,Viruses,Mycobacterium phage Zaider,"Mycobacterium phage Zaider, complete genome",True
MH271296,2201427,Viruses,Gordonia phage Emperor,"Gordonia phage Emperor, complete genome",True
KX831080,1913044,Viruses,Mycobacterium phage Lukilu,"Mycobacterium phage Lukilu, complete genome",True
MH834614,2419958,Viruses,Arthrobacter phage Judy,"Arthrobacter phage Judy, complete genome",True
MH651178,2301700,Viruses,Mycobacterium phage KristaRAM,"Mycobacterium phage KristaRAM, complete genome",True
MF919492,2041518,Viruses,Mycobacterium phage Arib1,"Mycobacterium phage Arib1, complete genome",True
MK061415,2488788,Viruses,Mycobacterium phage Rhynn,"Mycobacterium phage Rhynn, complete genome",True
NC_027374,1540091,Viruses,Bacillus phage Moonbeam,"Bacillus phage Moonbeam, complete genome",True
KY965065,1983575,Viruses,Mycobacterium phage Heffalump,"Mycobacterium phage Heffalump, complete genome",True
KX557280,1887649,Viruses,Gordonia phage JSwag,"Gordonia phage JSwag, complete genome",True
JX262376,1211278,Viruses,Streptomyces phage phiELB20,"Streptomyces phage phiELB20, complete genome",True
NC_024360,1486421,Viruses,Listeria phage LMSP-25,"Listeria phage LMSP-25, complete genome",True
NC_026591,1527536,Viruses,Mycobacterium phage Trike,"Mycobacterium phage Trike, complete genome",True
NC_005357,2885909,Viruses,Bordetella phage BPP-1,"Bordetella phage BPP-1, complete genome",True
MG099945,2047840,Viruses,Mycobacterium phage Koko,"Mycobacterium phage Koko, complete genome",True
MF140397,2015853,Viruses,Arthrobacter phage Abidatro,"Arthrobacter phage Abidatro, complete genome",True
MH632118,2282911,Viruses,Mycobacterium phage Zeeculate,"Mycobacterium phage Zeeculate, complete genome",True
MK279866,2499047,Viruses,Mycobacterium phage MRabcd,"Mycobacterium phage MRabcd, complete genome",True
NC_031264,1718278,Viruses,Brucella phage BiPBO1,"Brucella phage BiPBO1, complete genome",True
MF919533,2041563,Viruses,Propionibacterium phage Supernova,"Propionibacterium phage Supernova, complete genome",True
MG962369,2094134,Viruses,Gordonia phage Kerry,"Gordonia phage Kerry, complete genome",True
MK016497,2484207,Viruses,Microbacterium phage Johann,"Microbacterium phage Johann, complete genome",True
KY083059,1916113,Viruses,Mycobacterium phage Achebe,"Mycobacterium phage Achebe, complete genome",True
KX576638,1897770,Viruses,Mycobacterium phage Gruunaga,"Mycobacterium phage Gruunaga, complete genome",True
NC_005178,2907964,Viruses,Pseudomonas phage D3112,"Bacteriophage D3112, complete genome",True
MH834624,2419966,Viruses,Arthrobacter phage Polka,"Arthrobacter phage Polka, complete genome",True
NC_020839,754055,Viruses,Rhodobacter phage RC1,Rhodobacter phage RC1 genomic sequence,True
NC_005879,260372,Viruses,Vibrio phage VP2,"Vibrio phage VP2, complete genome",True
MH020246,2126790,Viruses,Mycobacterium phage SchoolBus,"Mycobacterium phage SchoolBus, complete genome",True
MF319184,2024010,Viruses,Mycobacterium phage GenevaB15,"Mycobacterium phage GenevaB15, complete genome",True
KX664455,1897498,Viruses,Mycobacterium phage Zombie,"Mycobacterium phage Zombie, complete genome",True
KU160659,1772310,Viruses,Arthrobacter phage Preamble,"Arthrobacter phage Preamble, complete genome",True
MH697588,2301554,Viruses,Mycobacterium phage Jaykayelowell,"Mycobacterium phage Jaykayelowell, complete genome",True
NC_031243,1821538,Viruses,Mycobacterium phage Xeno,"Mycobacterium phage Xeno, complete genome",True
KY549155,1955424,Viruses,Mycobacterium phage Tinybot,"Mycobacterium phage Tinybot, complete genome",True
KR080200,1647307,Viruses,Mycobacterium phage AlanGrant,"Mycobacterium phage AlanGrant, complete genome",True
MK359315,2502433,Viruses,Mycobacterium phage MisterCuddles,"Mycobacterium phage MisterCuddles, complete genome",True
NC_029005,1755682,Viruses,Streptomyces phage phiSAJS1,"Streptomyces phage phiSAJS1, complete genome",True
NC_028934,1647301,Viruses,Mycobacterium phage Vincenzo,"Mycobacterium phage Vincenzo, complete genome",True
NC_028653,1647475,Viruses,Gordonia phage GTE8,"Gordonia phage GTE8, complete genome",True
NC_018272,1168479,Viruses,Nonlabens phage P12024L,"Persicivirga phage P12024L, complete genome",True
NC_029006,1567011,Viruses,Clostridium phage phiCT19406C,"Clostridium phage phiCT19406C, complete genome",True
NC_023603,1463809,Viruses,Mycobacterium phage 39HC,"Mycobacterium phage 39HC, complete genome",True
MH001452,2108124,Viruses,Mycobacterium phage Kheth,"Mycobacterium phage Kheth, complete genome",True
KU935729,1821539,Viruses,Mycobacterium phage SkinnyPete,"Mycobacterium phage SkinnyPete, complete genome",True
MH697580,2301538,Viruses,Gordonia phage Catfish,"Gordonia phage Catfish, complete genome",True
MH744418,2315618,Viruses,Streptomyces phage JustBecause,"Streptomyces phage JustBecause, complete genome",True
MG770213,2079284,Viruses,Mycobacterium phage OldBen,"Mycobacterium phage OldBen, complete genome",True
NC_025426,1526408,Viruses,Staphylococcus phage P108,"Staphylococcus phage P108, complete genome",True
MH371124,2250353,Viruses,Microbacterium phage VitulaEligans,"Microbacterium phage VitulaEligans, complete genome",True
NC_026590,1486472,Viruses,Mycobacterium phage Gaia,"Mycobacterium phage Gaia, complete genome",True
KF024733,1340834,Viruses,Mycobacterium phage Medusa,"Mycobacterium phage Medusa, complete genome",True
KJ538723,1471544,Viruses,Mycobacterium phage KingVeVeVe,"Mycobacterium phage KingVeVeVe, complete genome",True
NC_027340,1564096,Viruses,Erwinia phage phiEa2809,"Erwinia phage phiEa2809, complete genome",True
KU160642,1772295,Viruses,Arthrobacter phage Circum,"Arthrobacter phage Circum, complete genome",True
NC_019925,2678590,Viruses,Dickeya phage vB-DsoM-LIMEstone1,Dickeya phage vB_DsoM_LIMEstone1 complete genome,True
NC_028977,1671396,Viruses,Klebsiella phage vB_KpnP_KpV289,"Klebsiella phage vB_KpnP_KpV289, complete genome",True
NC_028812,1567485,Viruses,Proteus phage pPM_01,"Proteus phage pPM_01, complete genome",True
KU647626,1796995,Viruses,Arthrobacter phage KellEzio,"Arthrobacter phage KellEzio, complete genome",True
MK359331,2502444,Viruses,Mycobacterium phage Rajelicia,"Mycobacterium phage Rajelicia, complete genome",True
NC_022055,1340708,Viruses,Mycobacterium phage Bobi,"Mycobacterium phage Bobi, complete genome",True
MF281061,2015833,Viruses,Mycobacterium phage Ksquared,"Mycobacterium phage Ksquared, complete genome",True
NC_023570,1406779,Viruses,Acinetobacter phage Petty,"Acinetobacter phage Petty, complete genome",True
KX369584,1873889,Viruses,Mycobacterium phage Makemake,"Mycobacterium phage Makemake, complete genome",True
MF668283,2027901,Viruses,Mycobacterium phage Smairt,"Mycobacterium phage Smairt, complete genome",True
KU160671,1772321,Viruses,Arthrobacter phage Vulture,"Arthrobacter phage Vulture, complete genome",True
KX611831,1897505,Viruses,Mycobacterium phage Pharsalus,"Mycobacterium phage Pharsalus, complete genome",True
NC_020872,616674,Viruses,Cyanophage SS120-1,Cyanophage SS120-1 genomic sequence,True
MH669000,2301561,Viruses,Gordonia phage Ali17,"Gordonia phage Ali17, complete genome",True
MF541410,2024293,Viruses,Streptomyces phage Ozzie,"Streptomyces phage Ozzie, complete genome",True
MK450424,2510578,Viruses,Mycobacterium phage Melpomini,"Mycobacterium phage Melpomini, complete genome",True
MF140405,2015878,Viruses,Mycobacterium phage Clautastrophe,"Mycobacterium phage Clautastrophe, complete genome",True
MH513973,2250302,Viruses,Mycobacterium phage Kwksand96,"Mycobacterium phage Kwksand96, complete genome",True
NC_031267,1821557,Viruses,Gordonia phage Lucky10,"Gordonia phage Lucky10, complete genome",True
NC_029084,1589752,Viruses,Paenibacillus phage Rani,"Bacteriophage Rani, complete genome",True
NC_017732,977801,Viruses,Enterococcus phage EF62phi,"Enterococcus phage EF62phi, complete genome",True
NC_004679,204090,Viruses,Staphylococcus phage P68,"Staphylococcus phage phiP68, complete genome",True
NC_022980,1296662,Viruses,Brevibacillus phage Davies,"Brevibacillus phage Davies, complete genome",True
NC_002666,151535,Viruses,Lactococcus phage bIL285,"Lactococcus prophage bIL285, complete genome",True
NC_031124,1873696,Viruses,Mycobacterium phage Gardann,"Mycobacterium phage Gardann, complete genome",True
MH536817,2250327,Viruses,Mycobacterium phage Druantia,"Mycobacterium phage Druantia, complete genome",True
MH001458,2108131,Viruses,Mycobacterium phage Smeagol,"Mycobacterium phage Smeagol, complete genome",True
MF185731,2015839,Viruses,Arthrobacter phage Molivia,"Arthrobacter phage Molivia, complete genome",True
NC_021061,1296646,Viruses,Mycobacterium phage Butters,"Mycobacterium phage Butters, complete genome",True
MK112543,2488959,Viruses,Mycobacterium Phage Kalb97,"Mycobacterium Phage Kalb97, complete genome",True
NC_001902,77048,Viruses,Methanobacterium phage psiM2,"Methanobacterium phage psiM2, complete genome",True
NC_023712,2922998,Viruses,Mycobacterium phage Firecracker,"Mycobacterium phage Firecracker, complete genome",True
MH045559,2126930,Viruses,Microbacterium phage Etna,"Microbacterium phage Etna, complete genome",True
NC_023841,754069,Viruses,Dunaliella viridis virus SI2,Dunaliella viridis virus SI2 genomic sequence,True
NC_012027,591487,Viruses,Mycobacterium phage Phlyer,"Mycobacterium phage Phlyer, complete genome",True
MG944223,2099450,Viruses,Mycobacterium phage Trypo,"Mycobacterium phage Trypo, complete genome",True
NC_004777,227720,Viruses,Yersinia phage phiA1122,"Yersinia pestis phage phiA1122, complete genome",True
NC_022763,1406791,Viruses,Bacillus phage Spock,"Bacillus phage Spock, complete genome",True
NC_028799,1589297,Viruses,Vibrio phage phi 1,"Vibrio phage phi 1, complete genome",True
MK359347,2502471,Viruses,Mycobacterium phage Ading,"Mycobacterium phage Ading, complete genome",True
NC_007605,10376,Viruses,human gammaherpesvirus 4,"Human gammaherpesvirus 4, complete genome",True
MG872831,2081618,Viruses,Mycobacterium phage Asriel,"Mycobacterium phage Asriel, complete genome",True
MK433266,2510521,Viruses,Streptomyces phage Shawty,"Streptomyces phage Shawty, complete genome",True
KR997932,1675551,Viruses,Mycobacterium phage Godines,"Mycobacterium phage Godines, complete genome",True
NC_029050,1654884,Viruses,Salmonella phage 21,"Salmonella phage 21, complete genome",True
NC_019509,2920894,Viruses,Cronobacter phage ESP2949-1,"Cronobacter phage ESP2949-1, complete genome",True
NC_031915,1701830,Viruses,Streptococcus phage phiARI0468-4,"Streptococcus phage phiARI0468-4, complete genome",True
MH271306,2201451,Viruses,Rhodococcus phage Nancinator,"Rhodococcus phage Nancinator, complete genome",True
JF937102,2922213,Viruses,Mycobacterium phage Mozy,"Mycobacterium phage Mozy, complete genome",True
MK433277,2510512,Viruses,Mycobacterium phage Renaissance,"Mycobacterium phage Renaissance, complete genome",True
NC_023610,1401669,Viruses,Erwinia phage PhiEaH1,"Erwinia phage PhiEaH1, complete genome",True
NC_014789,696472,Viruses,Ostreococcus tauri virus 2,"Ostreococcus tauri virus 2, complete genome",True
MG198779,2047867,Viruses,Arthrobacter phage Urla,"Arthrobacter phage Urla, complete genome",True
NC_018842,1229792,Viruses,Propionibacterium phage P1.1,"Propionibacterium phage P1.1, complete genome",True
MK359364,2502482,Viruses,Mycobacterium phage ChickenPhender,"Mycobacterium phage ChickenPhender, complete genome",True
NC_018845,1229787,Viruses,Propionibacterium phage P104A,"Propionibacterium phage P104A, complete genome",True
NC_028760,1647408,Viruses,Klebsiella phage KLPN1,"Klebsiella phage KLPN1, complete genome",True
KT372002,1701851,Viruses,Rhodococcus phage CosmicSans,"Rhodococcus phage CosmicSans, complete genome",True
MK279873,2499053,Viruses,Mycobacterium phage QueenBeane,"Mycobacterium phage QueenBeane, complete genome",True
NC_004682,2907831,Viruses,Mycobacterium phage Bxz2,"Mycobacterium virus Bxz2, complete genome",True
NC_027624,1655020,Viruses,Propionibacterium phage SKKY,"Propionibacterium phage SKKY, complete genome",True
NC_027626,1655019,Viruses,Propionibacterium phage Procrass1,"Propionibacterium phage Procrass1, complete genome",True
MG812496,2079570,Viruses,Gordonia phage SallySpecial,"Gordonia phage SallySpecial, complete genome",True
KX670828,1897490,Viruses,Mycobacterium phage Todacoro,"Mycobacterium phage Todacoro, complete genome",True
MH051257,2126954,Viruses,Mycobacterium phage OwlsT2W,"Mycobacterium phage OwlsT2W, complete genome",True
MH590588,2283300,Viruses,Mycobacterium phage Vaticameos,"Mycobacterium phage Vaticameos, complete genome",True
NC_023007,1308863,Viruses,Bacillus phage vB_BanS-Tsamsa,"Bacillus phage vB_BanS-Tsamsa, complete genome",True
MG757157,2079415,Viruses,Gordonia phage Flapper,"Gordonia phage Flapper, complete genome",True
NC_022754,424947,Viruses,Salmonella phage SETP7,"Salmonella phage SETP7, complete genome",True
NC_025438,1458725,Viruses,Mycobacterium phage Soto,"Mycobacterium phage Soto, complete genome",True
KY965063,1983577,Viruses,Mycobacterium phage PurpleHaze,"Mycobacterium phage PurpleHaze, complete genome",True
MK112541,2488969,Viruses,Mycobacterium phage Jessibeth14,"Mycobacterium phage Jessibeth14, complete genome",True
NC_021326,1195068,Viruses,Staphylococcus phage StauST398-1,"Staphylococcus phage StauST398-1, complete genome",True
MK279856,2499005,Viruses,Arthrobacter phage Huckleberry,"Arthrobacter phage Huckleberry, complete genome",True
MG872835,2081622,Viruses,Mycobacterium phage Conquerage,"Mycobacterium phage Conquerage, complete genome",True
NC_031945,1814281,Viruses,Flavobacterium phage Fpv11,"Flavobacterium phage Fpv11, complete genome",True
NC_028887,1698451,Viruses,Bacillus phage AvesoBmore,"Bacillus phage AvesoBmore, complete genome",True
NC_022765,2884426,Viruses,Bacillus phage Riggi,"Bacillus phage Riggi, complete genome",True
MK305892,2500794,Viruses,Mycobacterium phage RedRaider77,"Mycobacterium phage RedRaider77, complete genome",True
NC_019490,936152,Viruses,Riemerella phage RAP44,"Riemerella phage RAP44, complete genome",True
KT321476,1698253,Viruses,Mycobacterium phage Zeenon,"Mycobacterium phage Zeenon, complete genome",True
NC_011611,2914009,Viruses,Pseudomonas phage MP38,"Pseudomonas phage MP38, complete genome",True
NC_030912,1838072,Viruses,Gordonia phage McGonagall,"Gordonia phage McGonagall, complete genome",True
NC_019453,767473,Viruses,Caulobacter phage phiCb5,"Caulobacter phage phiCb5, complete genome",True
NC_024390,1262515,Viruses,Leuconostoc phage LN03,"Leuconostoc phage phiLN03, complete genome",True
NC_010363,503388,Viruses,Lactococcus phage asccphi28,"Lactococcus phage asccphi28, complete genome",True
NC_009603,446529,Viruses,Microbacterium phage Min1,"Microbacterium phage Min1, complete genome",True
NC_002371,2908168,Viruses,Salmonella phage P22,"TPA: Salmonella phage P22, complete genome",True
KP027207,1567465,Viruses,Mycobacterium phage Chandler,"Mycobacterium phage Chandler, complete genome",True
KX752698,1891703,Viruses,Mycobacterium phage Tonenili,"Mycobacterium phage Tonenili, complete genome",True
MG757156,2079417,Viruses,Mycobacterium phage Cuke,"Mycobacterium phage Cuke, complete genome",True
NC_023691,1074308,Viruses,Mycobacterium phage Patience,"Mycobacterium phage Patience, complete genome",True
MH825709,2315713,Viruses,Mycobacterium phage NicoleTera,"Mycobacterium phage NicoleTera, complete genome",True
KX557276,1887645,Viruses,Gordonia phage Cucurbita,"Gordonia phage Cucurbita, complete genome",True
NC_022766,2884421,Viruses,Bacillus phage Glittering,"Bacillus phage Glittering, complete genome",True
KX557283,1887652,Viruses,Gordonia phage Remus,"Gordonia phage Remus, complete genome",True
NC_023741,1089137,Viruses,Mycobacterium phage Stinger,"Mycobacterium phage Stinger, complete genome",True
MF668287,2027903,Viruses,Mycobacterium phage Wachhund,"Mycobacterium phage Wachhund, complete genome",True
NC_004615,2681609,Viruses,Staphylococcus phage phi 11,"Staphylococcus phage phi 11, complete genome",True
NC_018454,1168280,Viruses,Cronobacter phage phiES15,"Cronobacter phage phiES15, complete genome",True
MH576959,2283258,Viruses,Mycobacterium phage Pita2,"Mycobacterium phage Pita2, complete genome",True
NC_004664,3047527,Viruses,Streptomyces phage phiBT1,"Streptomyces phage phiBT1, complete genome",True
NC_028748,1445809,Viruses,Bacillus phage vB_BtS_BMBtp3,"Bacillus phage vB_BtS_BMBtp3, complete genome",True
NC_028870,1610835,Viruses,Klebsiella phage vB_KpnP_SU552A,"Klebsiella phage vB_KpnP_SU552A, complete genome",True
NC_023582,1434319,Viruses,Staphylococcus phage vB_SepS_SEP9,"Staphylococcus phage vB_SepS_SEP9, complete genome",True
MH536815,2250337,Viruses,Streptomyces phage Crosby,"Streptomyces phage Crosby, complete genome",True
MH727549,2301613,Viruses,Mycobacterium phage Gancho,"Mycobacterium phage Gancho, complete genome",True
NC_004305,52979,Viruses,Lactobacillus phage phig1e,"Lactobacillus phage phig1e, complete genome",True
MF189170,2024274,Viruses,Arthrobacter phage Arcadia,"Arthrobacter phage Arcadia, complete genome",True
NC_028995,1229760,Viruses,Acinetobacter phage phiAC-1,"Acinetobacter phage phiAC-1, complete genome",True
NC_024388,1262519,Viruses,Leuconostoc phage LN34,"Leuconostoc phage phiLN34, complete genome",True
NC_007057,2936815,Viruses,Staphylococcus phage 96,"Staphylococcus phage 96, complete genome",True
MH825699,2315716,Viruses,Streptomyces phage Darolandstone,"Streptomyces phage Darolandstone, complete genome",True
NC_023552,1429793,Viruses,Mycobacterium phage Donovan,"Mycobacterium phage Donovan, complete genome",True
MH001460,2108134,Viruses,Streptomyces phage Paedore,"Streptomyces phage Paedore, complete genome",True
KM677210,1560285,Viruses,Mycobacterium phage Larenn,"Mycobacterium phage Larenn, complete genome",True
NC_013697,665032,Viruses,Delftia phage PhiW-14,"Delftia phage PhiW-14, complete genome",True
NC_028942,1034143,Viruses,Mycobacterium phage Phipps,"Mycobacterium phage Phipps, complete sequence",True
NC_025429,1527770,Viruses,Rhizobium phage vB_RleM_P10VF,"Rhizobium phage vB_RleM_P10VF, complete genome",True
NC_009813,330397,Viruses,Listeria phage B054,"Listeria phage B054, complete genome",True
MK279868,2499011,Viruses,Arthrobacter phage OMalley,"Arthrobacter phage OMalley, complete genome",True
NC_007045,320831,Viruses,Staphylococcus phage PT1028,"Staphylococcus phage PT1028, complete genome",True
MF919528,2041546,Viruses,Mycobacterium phage Phunky,"Mycobacterium phage Phunky, complete genome",True
NC_007064,2908151,Viruses,Staphylococcus phage 92,"Staphylococcus phage 92, complete genome",True
JF937106,1034116,Viruses,Mycobacterium phage SirDuracell,"Mycobacterium phage SirDuracell, complete genome",True
NC_031070,1805950,Viruses,Bacillus phage Nemo,"Bacillus phage Nemo, complete genome",True
MF347638,2023994,Viruses,Streptomyces phage Peebs,"Streptomyces phage Peebs, complete genome",True
NC_010576,475178,Viruses,Lactococcus phage 1706,"Lactococcus phage 1706, complete genome",True
NC_007149,329886,Viruses,Vibrio phage VP4,"Vibriophage VP4, complete genome",True
NC_012743,2886898,Viruses,Burkholderia phage BcepIL02,"Burkholderia phage BcepIL02, complete genome",True
NC_022338,1235647,Viruses,Propionibacterium phage PHL060L00,"Propionibacterium phage PHL060L00, complete genome",True
MF668280,2027899,Viruses,Mycobacterium phage Phabba,"Mycobacterium phage Phabba, complete genome",True
NC_031230,1821566,Viruses,Gordonia phage Yvonnetastic,"Gordonia phage Yvonnetastic, complete genome",True
KR935214,1662284,Viruses,Mycobacterium phage Kimberlium,"Mycobacterium phage Kimberlium, complete genome",True
JN699017,1089127,Viruses,Mycobacterium phage Kikipoo,"Mycobacterium phage Kikipoo, complete genome",True
NC_020078,1264737,Viruses,Cronobacter phage vB_CskP_GAP227,"Cronobacter sakazakii phage vB_CskP_GAP227, complete genome",True
NC_028745,1640970,Viruses,Pseudomonas phage DL60,"Pseudomonas phage DL60, complete genome",True
NC_015265,910473,Viruses,Burkholderia phage KS5,"Burkholderia phage KS5, complete genome",True
MF919499,2041526,Viruses,Mycobacterium phage Daffodil,"Mycobacterium phage Daffodil, complete genome",True
MF373843,2015811,Viruses,Mycobacterium phage StevieRay,"Mycobacterium phage StevieRay, complete genome",True
MF189179,2024280,Viruses,Rhodococcus phage Yoncess,"Rhodococcus phage Yoncess, complete genome",True
MH450125,2250415,Viruses,Arthrobacter phage MediumFry,"Arthrobacter phage MediumFry, complete genome",True
NC_028802,1673876,Viruses,Mycobacterium phage UnionJack,"Mycobacterium phage UnionJack, complete genome",True
NC_029119,1732063,Viruses,Staphylococcus phage SPbeta-like,"Staphylococcus phage SPbeta-like, complete genome",True
NC_022973,1391431,Viruses,Mycobacterium phage Conspiracy,"Mycobacterium phage Conspiracy, complete genome",True
NC_008717,2913973,Viruses,Pseudomonas phage DMS3,"Pseudomonas phage DMS3, complete genome",True
MK359350,2502474,Viruses,Mycobacterium phage Nidhogg,"Mycobacterium phage Nidhogg, complete genome",True
NC_019454,881915,Viruses,Pantoea phage LIMElight,"Pantoea phage LIMElight, complete genome",True
NC_031068,1873958,Viruses,Pectobacterium phage PP16,"Pectobacterium phage PP16, complete genome",True
NC_020880,1262522,Viruses,Leuconostoc phage P793,"Leuconostoc phage P793, complete genome",True
JN859129,2923008,Viruses,Mycobacterium phage DotProduct,"Mycobacterium phage DotProduct, complete genome",True
NC_031119,1654780,Viruses,Propionibacterium phage Enoki,"Propionibacterium phage Enoki, complete genome",True
NC_024140,1476391,Viruses,Pseudomonas phage vB_PaeP_C2-10_Ab09,"Pseudomonas phage vB_PaeP_C2-10_Ab09, complete genome",True
KM101118,1527534,Viruses,Mycobacterium phage Swirley,"Mycobacterium phage Swirley, complete genome",True
MF919493,2041519,Viruses,Mycobacterium phage Audrick,"Mycobacterium phage Audrick, complete genome",True
MH727555,2301607,Viruses,Mycobacterium phage Mulan,"Mycobacterium phage Mulan, complete genome",True
JF937104,2922215,Viruses,Mycobacterium phage Pixie,"Mycobacterium phage Pixie, complete genome",True
NC_010945,537874,Viruses,Streptococcus phage PH15,"Streptococcus phage PH15, complete genome",True
NC_010326,484896,Viruses,Pseudomonas phage LUZ19,"Pseudomonas phage LUZ19, complete genome",True
MF472896,2024294,Viruses,Mycobacterium phage JoshKayV,"Mycobacterium phage JoshKayV, complete genome",True
MK279842,2499054,Viruses,Mycobacterium phage Raela,"Mycobacterium phage Raela, complete genome",True
NC_009816,384848,Viruses,Corynebacterium phage P1201,"Corynebacterium phage P1201, complete genome",True
KY130461,1920305,Viruses,Mycobacterium phage Taptic,"Mycobacterium phage Taptic, complete genome",True
KX576643,1897767,Viruses,Mycobacterium phage FriarPreacher,"Mycobacterium phage FriarPreacher, complete genome",True
NC_022746,1262514,Viruses,Pseudomonas phage MPK6,"Pseudomonas phage MPK6, complete genome",True
MK359304,2502422,Viruses,Mycobacterium phage SpikeBT,"Mycobacterium phage SpikeBT, complete genome",True
MH910038,2419612,Viruses,Mycobacterium phage LeMond,"Mycobacterium phage LeMond, complete genome",True
NC_028099,2560468,Viruses,Felid gammaherpesvirus 1,"Felis catus gammaherpesvirus 1 isolate 31286, complete genome",True
NC_009760,458639,Viruses,Bacillus phage 0305phi8-36,"Bacillus phage 0305phi8-36, complete genome",True
MH779514,2315544,Viruses,Mycobacterium phage Paito,"Mycobacterium phage Paito, complete genome",True
MG962366,2094144,Viruses,Rhodococcus phage Finch,"Rhodococcus phage Finch, complete genome",True
NC_005884,270673,Viruses,Pseudomonas phage PaP2,"Pseudomonas phage PaP2, complete genome",True
NC_021323,1277672,Viruses,Staphylococcus phage StauST398-2,"Staphylococcus phage StauST398-2, complete genome",True
KR337649,1655013,Viruses,Propionibacterium phage Keiki,"Propionibacterium phage Keiki, complete genome",True
MK433278,2510519,Viruses,Streptomyces phage Nerdos,"Streptomyces phage Nerdos, complete genome",True
JF937110,2922216,Viruses,Mycobacterium phage KSSJEB,"Mycobacterium phage KSSJEB, complete genome",True
NC_023744,45764,Viruses,Mycobacterium phage DS6A,"Mycobacterium phage DS6A, complete genome",True
MH536824,2250322,Viruses,Gordonia phage NatB6,"Gordonia phage NatB6, complete genome",True
KM236502,1527494,Viruses,Mycobacterium phage Eremos,"Mycobacterium phage Eremos, complete genome",True
MH479913,2250392,Viruses,Gordonia phage Fryberger,"Gordonia phage Fryberger, complete genome",True
MF189174,2024278,Viruses,Arthrobacter phage Nason,"Arthrobacter phage Nason, complete genome",True
NC_019407,1211642,Viruses,Caulobacter virus Magneto,"Caulobacter phage CcrMagneto, complete genome",True
NC_024354,1327934,Viruses,Cronobacter phage CR8,"Cronobacter phage CR8, complete genome",True
NC_019543,1198013,Viruses,Aeromonas phage Aes508,"Aeromonas phage Aes508, complete genome",True
NC_003299,120086,Viruses,Pseudomonas phage phi8,"Pseudomonas phage phi8 segment L, complete sequence",True
MH509442,2250291,Viruses,Mycobacterium phage Aminay,"Mycobacterium phage Aminay, complete genome",True
NC_019515,1136534,Viruses,Bacillus phage BCD7,"Bacillus phage BCD7, complete genome",True
NC_027352,1498212,Viruses,Bacillus phage JBP901,"Bacillus phage JBP901, complete genome",True
MH651182,2301693,Viruses,Gordonia phage Neville,"Gordonia phage Neville, complete genome",True
MK279902,2499035,Viruses,Mycobacterium phage Citius,"Mycobacterium phage Citius, complete genome",True
KY348865,1932895,Viruses,Mycobacterium phage Bubbles123,"Mycobacterium phage Bubbles123, complete genome",True
JQ911768,1176426,Viruses,Mycobacterium phage Ava3,"Mycobacterium phage Ava3, complete genome",True
KU985093,1821723,Viruses,Mycobacterium phage EvilGenius,"Mycobacterium phage EvilGenius, complete genome",True
NC_019914,1147044,Viruses,Staphylococcus phage StB27,"Staphylococcus phage StB27, complete genome",True
NC_023732,2922997,Viruses,Mycobacterium phage Rumpelstiltskin,"Mycobacterium phage Rumpelstiltskin, complete genome",True
MH479918,2250404,Viruses,Mycobacterium phage Labeouficaum,"Mycobacterium phage Labeouficaum, complete genome",True
NC_031023,1814960,Viruses,Streptococcus phage 9874,"Streptococcus virus 9874, complete genome",True
NC_031229,1821554,Viruses,Gordonia phage Hotorobo,"Gordonia phage Hotorobo, complete genome",True
NC_028959,1582157,Viruses,Clostridium phage phiMMP03,"Clostridium phage phiMMP03, complete genome",True
NC_021330,1273746,Viruses,Haloarcula californiae tailed virus 1,"Halovirus HCTV-1, complete genome",True
MH371125,2250362,Viruses,Mycobacterium phage Morty,"Mycobacterium phage Morty, complete genome",True
NC_027629,1655012,Viruses,Propionibacterium phage Attacne,"Propionibacterium phage Attacne, complete genome",True
MK524503,2530128,Viruses,Mycobacterium phage Fancypants,"Mycobacterium phage Fancypants, complete genome",True
NC_004687,205877,Viruses,Mycobacterium phage Bxz1,"Mycobacterium phage Bxz1, complete genome",True
KU647628,1796997,Viruses,Arthrobacter phage Mudcat,"Arthrobacter phage Mudcat, complete genome",True
MH834612,2419957,Viruses,Arthrobacter phage Faja,"Arthrobacter phage Faja, complete genome",True
MH371111,2250352,Viruses,Microbacterium phage Quaker,"Microbacterium phage Quaker, complete genome",True
KU998249,1838079,Viruses,Gordonia phage Soups,"Gordonia phage Soups, complete genome",True
MH230875,2178919,Viruses,Mycobacterium phage CheetO,"Mycobacterium phage CheetO, complete genome",True
NC_005045,204270,Viruses,Pseudomonas phage phiKMV,"Pseudomonas phage phiKMV, complete genome",True
MF140411,2015882,Viruses,Mycobacterium phage Findley,"Mycobacterium phage Findley, complete genome",True
NC_014458,2902837,Viruses,Mycobacterium phage Angelica,"Mycobacterium phage Angelica, complete genome",True
KP027204,1567478,Viruses,Mycobacterium phage Thor,"Mycobacterium phage Thor, complete genome",True
MK359314,2502432,Viruses,Mycobacterium phage Ewok,"Mycobacterium phage Ewok, complete genome",True
MG944218,2099444,Viruses,Microbacterium phage Pikmin,"Microbacterium phage Pikmin, complete genome",True
NC_028908,1664247,Viruses,Achromobacter phage phiAxp-3,"Achromobacter phage phiAxp-3, complete genome",True
NC_022753,1354510,Viruses,Mycobacterium phage Fredward,"Mycobacterium phage Fredward, complete genome",True
NC_031039,1815509,Viruses,Bacillus phage AR9,"Bacillus phage AR9, complete genome",True
KU963258,1821555,Viruses,Gordonia phage Katyusha,"Gordonia phage Katyusha, complete genome",True
NC_023690,2923000,Viruses,Mycobacterium phage Courthouse,"Mycobacterium phage Courthouse, complete genome",True
KT184694,1673873,Viruses,Mycobacterium phage Smeadley,"Mycobacterium phage Smeadley, complete genome",True
MK112553,2488960,Viruses,Mycobacterium Phage Squiggle,"Mycobacterium Phage Squiggle, complete genome",True
MH697591,2301544,Viruses,Mycobacterium phage QueenBeesly,"Mycobacterium phage QueenBeesly, complete genome",True
NC_011269,546807,Viruses,Mycobacterium phage ScottMcG,"Mycobacterium phage ScottMcG, complete genome",True
MF919496,2041522,Viruses,Mycobacterium phage Cerulean,"Mycobacterium phage Cerulean, complete genome",True
NC_025443,1113547,Viruses,Salmonella phage 9NA,"Salmonella phage 9NA, complete genome",True
MH479914,2250402,Viruses,Mycobacterium phage FugateOSU,"Mycobacterium phage FugateOSU, complete genome",True
NC_028815,1675553,Viruses,Mycobacterium phage Nhonho,"Mycobacterium phage Nhonho, complete genome",True
MK359356,2502452,Viruses,Mycobacterium phage Nebs,"Mycobacterium phage Nebs, complete genome",True
MK279880,2499018,Viruses,Arthrobacter phage Savage2526,"Arthrobacter phage Savage2526, complete genome",True
NC_031094,1814958,Viruses,Streptococcus phage 9872,"Streptococcus virus 9872, complete genome",True
JX411620,2927992,Viruses,Mycobacterium phage Dorothy,"Mycobacterium phage Dorothy, complete genome",True
KU998255,1838072,Viruses,Gordonia phage McGonagall,"Gordonia phage McGonagall, complete genome",True
NC_023577,1445715,Viruses,Mycobacterium phage Obama12,"Mycobacterium phage Obama12, complete genome",True
KU963261,1821551,Viruses,Gordonia phage BetterKatz,"Gordonia phage BetterKatz, complete genome",True
MK279887,2499064,Viruses,Mycobacterium phage Timmi,"Mycobacterium phage Timmi, complete genome",True
KR347355,1654782,Viruses,Propionibacterium phage QueenBey,"Propionibacterium phage QueenBey, complete genome",True
NC_011022,540064,Viruses,Mycobacterium phage DD5,"Mycobacterium phage DD5, complete genome",True
MH669013,2301559,Viruses,Gordonia phage Skysand,"Gordonia phage Skysand, complete genome",True
MG962363,2094129,Viruses,Mycobacterium phage BatteryCK,"Mycobacterium phage BatteryCK, complete genome",True
MK279898,2499034,Viruses,Mycobacterium phage Cici,"Mycobacterium phage Cici, complete genome",True
MH271292,2201432,Viruses,Microbacterium phage AnnaSerena,"Microbacterium phage AnnaSerena, complete genome",True
MK112544,2488971,Viruses,Mycobacterium phage Keitherie,"Mycobacterium phage Keitherie, complete genome",True
NC_023710,1071506,Viruses,Mycobacterium phage RidgeCB,"Mycobacterium phage RidgeCB, complete genome",True
NC_016564,994601,Viruses,Planktothrix phage PaV-LD,"Planktothrix phage PaV-LD, complete genome",True
NC_028684,1701807,Viruses,Acinetobacter phage vB_AbaP_PD-6A3,"Acinetobacter phage vB_AbaP_PD-6A3, complete genome",True
NC_027373,1500800,Viruses,Propionibacterium phage PHL030N00,"Propionibacterium phage PHL030N00, complete genome",True
NC_029692,1813599,Viruses,Brazilian marseillevirus,"Brazilian marseillevirus strain BH2014, complete genome",True
KM401838,1542912,Viruses,Mycobacterium phage VohminGhazi,"Mycobacterium phage VohminGhazi, complete genome",True
NC_038371,1986290,Viruses,Clostera anastomosis granulovirus B,"Clostera anastomosis granulovirus B, complete genome",True
KR337654,1655017,Viruses,Propionibacterium phage Ouroboros,"Propionibacterium phage Ouroboros, complete genome",True
NC_026587,1548901,Viruses,Pseudomonas phage vB_PaeM_PAO1_Ab03,"Pseudomonas phage vB_PaeM_PAO1_Ab03, complete genome",True
NC_019919,1206557,Viruses,Yersinia phage phiR2-01,Yersinia phage phiR201 complete genome,True
MG839030,2079580,Viruses,Microbacterium phage Balsa,"Microbacterium phage Balsa, complete genome",True
NC_031239,1821564,Viruses,Gordonia phage Vivi2,"Gordonia phage Vivi2, complete genome",True
KU189325,1775283,Viruses,Streptomyces phage Maih,"Streptomyces phage Maih, complete genome",True
MK450427,2510582,Viruses,Mycobacterium phage Adlitam,"Mycobacterium phage Adlitam, complete genome",True
MH976517,2483676,Viruses,Mycobacterium phage Popcicle,"Mycobacterium phage Popcicle, complete genome",True
MH051261,2126957,Viruses,Mycobacterium phage Tyke,"Mycobacterium phage Tyke, complete genome",True
MK016493,2338395,Viruses,Brevibacterium phage Cantare,"Brevibacterium phage Cantare, complete genome",True
NC_007967,370623,Viruses,Streptomyces phage mu1/6,"Streptomyces phage mu1/6, complete genome",True
NC_010353,2914004,Viruses,Streptococcus phage 858,"Streptococcus phage 858, complete genome",True
MK524502,2530119,Viruses,Microbacterium phage TimoTea,"Microbacterium phage TimoTea, complete genome",True
JN699019,2923004,Viruses,Mycobacterium phage Jeffabunny,"Mycobacterium phage Jeffabunny, complete genome",True
MG872840,2081626,Viruses,Mycobacterium phage Phonnegut,"Mycobacterium phage Phonnegut, complete genome",True
MH669016,2301575,Viruses,Streptomyces phage TrvxScott,"Streptomyces phage TrvxScott, complete genome",True
JN020142,2922219,Viruses,Mycobacterium phage Mutaforma13,"Mycobacterium phage Mutaforma13, complete genome",True
MK279840,2499043,Viruses,Mycobacterium phage JacoRen57,"Mycobacterium phage JacoRen57, complete genome",True
MK450429,2478683,Viruses,Mycobacterium phage Bipolarisk,"Mycobacterium phage Bipolarisk, complete genome",True
KU998250,1838077,Viruses,Gordonia phage Rosalind,"Gordonia phage Rosalind, complete genome",True
KU160665,1772315,Viruses,Arthrobacter phage Sonny,"Arthrobacter phage Sonny, complete genome",True
NC_011107,496396,Viruses,Pseudomonas phage PT2,"Pseudomonas phage PT2, complete genome",True
NC_024357,1448274,Viruses,Streptococcus phage K13,"Streptococcus phage K13, complete sequence",True
KY549152,1955423,Viruses,Mycobacterium phage Maxxinista,"Mycobacterium phage Maxxinista, complete genome",True
NC_023574,1412875,Viruses,Lactococcus phage phiL47,"Lactococcus phage phiL47, complete genome",True
KX670787,1897526,Viruses,Arthrobacter phage Chocolat,"Arthrobacter phage Chocolat, complete genome",True
MF919491,2041558,Viruses,Propionibacterium phage Aquarius,"Propionibacterium phage Aquarius, complete genome",True
NC_016765,2992927,Viruses,Pseudomonas phage PMG1,"Pseudomonas phage PMG1, complete genome",True
MH744417,2315614,Viruses,Mycobacterium phage Grand2040,"Mycobacterium phage Grand2040, complete genome",True
NC_009554,12348,Viruses,Lactobacillus phage LL-H,"Lactobacillus phage LL-H, complete genome",True
KX619651,1897504,Viruses,Mycobacterium phage Roosevelt,"Mycobacterium phage Roosevelt, complete genome",True
NC_031228,1543203,Viruses,Salmonella phage BP12C,"Salmonella phage BP12C, complete genome",True
NC_022071,1340836,Viruses,Mycobacterium phage Crossroads,"Mycobacterium phage Crossroads, complete genome",True
MK524499,2341048,Viruses,Mycobacterium phage Tripl3t,"Mycobacterium phage Tripl3t, complete genome",True
NC_027372,1540092,Viruses,Bacillus phage Pascal,"Bacillus phage Pascal, complete genome",True
NC_029011,1732178,Viruses,Sulfolobus monocaudavirus SMV4,"Sulfolobus monocaudavirus SMV4, complete genome",True
MH669009,2301567,Viruses,Mycobacterium phage Nimbo,"Mycobacterium phage Nimbo, complete genome",True
MK359335,2502462,Viruses,Mycobacterium phage Patter,"Mycobacterium phage Patter, complete genome",True
KY471267,1958910,Viruses,Mycobacterium phage SassyB,"Mycobacterium phage SassyB, complete genome",True
NC_005091,242861,Viruses,Burkholderia phage BcepNazgul,"Burkholderia phage BcepNazgul, complete genome",True
MG839014,2079593,Viruses,Mycobacterium phage RagingRooster,"Mycobacterium phage RagingRooster, complete genome",True
MH051266,2126807,Viruses,Mycobacterium phage MikeLiesIn,"Mycobacterium phage MikeLiesIn, complete genome",True
NC_022982,1415145,Viruses,Xylella phage Paz,"Xylella phage Paz, complete genome",True
NC_028751,1675555,Viruses,Mycobacterium phage Quico,"Mycobacterium phage Quico, complete genome",True
KT959213,1747281,Viruses,Rhodococcus phage TWAMP,"Rhodococcus phage TWAMP, complete genome",True
NC_028663,1589733,Viruses,Cyanophage P-TIM40,"Cyanophage P-TIM40, complete genome",True
MH271302,2201428,Viruses,Gordonia phage Margaret,"Gordonia phage Margaret, complete genome",True
MH590592,2283292,Viruses,Mycobacterium phage Ryadel,"Mycobacterium phage Ryadel, complete genome",True
NC_017674,749447,Viruses,Pseudomonas phage JG024,"Pseudomonas phage JG024, complete genome",True
NC_018856,57477,Viruses,Bacillus phage Bastille,"Bacillus phage Bastille, complete genome",True
KF188414,1358124,Viruses,Mycobacterium phage ABCat,"Mycobacterium phage ABCat, complete genome",True
NC_001271,110457,Viruses,Yersinia phage phiYeO3-12,"Yersinia phage phiYeO3-12, complete genome",True
NC_023863,1458716,Viruses,Vibrio phage CHOED,"Vibrio phage CHOED, complete genome",True
NC_028685,1675531,Viruses,Shigella phage Ss-VASD,"Shigella phage Ss-VASD, complete genome",True
NC_022965,1391430,Viruses,Mycobacterium phage CloudWang3,"Mycobacterium phage CloudWang3, complete genome",True
NC_023566,1458697,Viruses,Rhizobium phage vB_RglS_P106B,"Rhizobium phage vB_RglS_P106B, complete genome",True
MK279864,2499048,Viruses,Mycobacterium phage Mag7,"Mycobacterium phage Mag7, complete genome",True
KT591489,1718599,Viruses,Mycobacterium phage Archie,"Mycobacterium phage Archie, complete genome",True
KT186228,1673877,Viruses,Streptomyces phage Amela,"Streptomyces phage Amela, complete genome",True
NC_028805,1691954,Viruses,Brevibacillus phage Jenst,"Brevibacillus phage Jenst, complete genome",True
NC_028784,1698420,Viruses,Mycobacterium phage Tasp14,"Mycobacterium phage Tasp14, complete genome",True
MF541408,2024291,Viruses,Streptomyces phage Jash,"Streptomyces phage Jash, complete genome",True
MH001446,2108126,Viruses,Mycobacterium phage Megabear,"Mycobacterium phage Megabear, complete genome",True
KX557285,1887654,Viruses,Gordonia phage Terapin,"Gordonia phage Terapin, complete genome",True
NC_029104,1296659,Viruses,Brevibacillus phage Jimmer1,"Brevibacillus phage Jimmer1, complete genome",True
MK433268,2510520,Viruses,Streptomyces phage Popy,"Streptomyces phage Popy, complete genome",True
MF919523,2041542,Viruses,Mycobacterium phage Mikota,"Mycobacterium phage Mikota, complete genome",True
NC_021068,573171,Viruses,Vibrio phage douglas 12A4,Vibrio phage douglas 12A4 genomic sequence,True
NC_031929,1701827,Viruses,Streptococcus phage phiARI0468-1,"Streptococcus phage phiARI0468-1, complete genome",True
NC_019524,1150990,Viruses,Hafnia phage Enc34,"Enterobacter phage Enc34, complete genome",True
NC_008200,373411,Viruses,Mycobacterium phage PLot,"Mycobacterium phage PLot, complete genome",True
NC_021557,929834,Viruses,Rhizobium phage RR1-B,Rhizobium phage RR1-B genomic sequence,True
NC_022916,1401297,Viruses,Burkholderia phage JG068,"Burkholderia phage JG068, complete genome",True
MH025888,2126786,Viruses,Mycobacterium phage BigMama,"Mycobacterium phage BigMama, complete genome",True
KR337643,1655016,Viruses,Propionibacterium phage MrAK,"Propionibacterium phage MrAK, complete genome",True
NC_024141,1486425,Viruses,Mycobacterium phage Kampy,"Mycobacterium phage Kampy, complete genome",True
NC_004629,2905945,Viruses,Pseudomonas phage phiKZ,"Pseudomonas phage phiKZ, complete genome",True
NC_023558,1410331,Viruses,Cronobacter phage Dev2,Cronobacter phage Dev2 complete genome,True
NC_023702,2923003,Viruses,Mycobacterium phage Kugel,"Mycobacterium phage Kugel, complete genome",True
MH779502,2315537,Viruses,Mycobacterium phage FudgeTart,"Mycobacterium phage FudgeTart, complete genome",True
MF140423,2015864,Viruses,Arthrobacter phage Nightmare,"Arthrobacter phage Nightmare, complete genome",True
MH779509,2315541,Viruses,Mycobacterium phage Kasen3,"Mycobacterium phage Kasen3, complete genome",True
MH155874,2182401,Viruses,Mycobacterium phage PhrankReynolds,"Mycobacterium phage PhrankReynolds, complete genome",True
NC_021071,536444,Viruses,Cyanophage P-RSM1,Cyanophage P-RSM1 genomic sequence,True
NC_019528,1141132,Viruses,Aeromonas phage phiAS7,"Aeromonas phage phiAS7, complete genome",True
MF185725,2015838,Viruses,Arthrobacter phage Tophat,"Arthrobacter phage Tophat, complete genome",True
KY083058,1916112,Viruses,Mycobacterium phage Abdiel,"Mycobacterium phage Abdiel, complete genome",True
NC_020835,885867,Viruses,Prochlorococcus phage P-SSP10,Prochlorococcus phage P-SSP10 genomic sequence,True
MH779504,2315531,Viruses,Gordonia phage Getalong,"Gordonia phage Getalong, complete genome",True
NC_027120,741942,Viruses,Lactococcus phage 1358,"Lactococcus phage 1358, complete sequence",True
NC_015454,504501,Viruses,Propionibacterium phage PAD20,"Propionibacterium phage PAD20 endogenous virus, complete genome",True
NC_022337,1235650,Viruses,Propionibacterium phage PHL071N05,"Propionibacterium phage PHL071N05, complete genome",True
NC_029060,1622191,Viruses,Gordonia phage GordDuk1,"Gordonia phage GordDuk1, complete genome",True
NC_023737,1079895,Viruses,Mycobacterium phage Pleione,"Mycobacterium phage Pleione, complete genome",True
MH651189,2301697,Viruses,Gordonia phage Schmidt,"Gordonia phage Schmidt, complete genome",True
NC_027997,2994044,Viruses,Campylobacter phage CP220,"Campylobacter phage CP220, complete genome",True
NC_031224,1796997,Viruses,Arthrobacter phage Mudcat,"Arthrobacter phage Mudcat, complete genome",True
MF324903,2015827,Viruses,Rhodococcus phage AppleCloud,"Rhodococcus phage AppleCloud, complete genome",True
MH020247,2126787,Viruses,Mycobacterium phage MPhalcon,"Mycobacterium phage MPhalcon, complete genome",True
NC_019527,1127514,Viruses,Aeromonas phage vB_AsaM-56,"Aeromonas phage vB_AsaM-56, complete genome",True
NC_028856,1610832,Viruses,Bacillus phage Stahl,"Bacillus phage Stahl, complete genome",True
MF668281,2027900,Viruses,Mycobacterium phage RitaG,"Mycobacterium phage RitaG, complete genome",True
MK016494,2484209,Viruses,Mycobacterium phage Filuzino,"Mycobacterium phage Filuzino, complete genome",True
NC_028857,1675602,Viruses,Citrobacter phage Merlin,"Citrobacter phage Merlin, complete genome",True
KX808132,1913035,Viruses,Mycobacterium phage Amelie,"Mycobacterium phage Amelie, complete genome",True
MH513984,2250309,Viruses,Mycobacterium phage Steamy,"Mycobacterium phage Steamy, complete genome",True
NC_023742,1089110,Viruses,Mycobacterium phage Akoma,"Mycobacterium phage Akoma, complete genome",True
GQ303265,2919547,Viruses,Mycobacterium phage Pumpkin,"Mycobacterium phage Pumpkin, complete genome",True
KX721255,1897433,Viruses,Mycobacterium phage Yucca,"Mycobacterium phage Yucca, complete genome",True
MH020243,2126811,Viruses,Mycobacterium phage TootsiePop,"Mycobacterium phage TootsiePop, complete genome",True
KT281794,1698714,Viruses,Mycobacterium phage Snenia,"Mycobacterium phage Snenia, complete genome",True
MG663585,2060089,Viruses,Streptomyces phage ToriToki,"Streptomyces phage ToriToki, complete genome",True
NC_016657,444875,Viruses,Cyanophage 9515-10a,"Cyanophage 9515-10a, complete genome",True
MH536819,2250321,Viruses,Gordonia phage Fury,"Gordonia phage Fury, complete genome",True
NC_021337,1273713,Viruses,Acinetobacter phage AB3,"Acinetobacter phage AB3, complete genome",True
NC_014901,938131,Viruses,Mycobacterium phage Wee,"Mycobacterium phage Wee, complete genome",True
KY798216,1983408,Viruses,Mycobacterium phage Journey13,"Mycobacterium phage Journey13, complete genome",True
MH590604,2283288,Viruses,Microbacterium phage ColaCorta,"Microbacterium phage ColaCorta, complete genome",True
MH271291,2201446,Viruses,Rhodococcus phage Alpacados,"Rhodococcus phage Alpacados, complete genome",True
MG099936,2047834,Viruses,Mycobacterium phage Andies,"Mycobacterium phage Andies, complete genome",True
NC_010463,194701,Viruses,Felsduovirus Fels2,"Enterobacteria phage Fels-2, complete genome",True
MF140400,2015854,Viruses,Arthrobacter phage Canowicakte,"Arthrobacter phage Canowicakte, complete genome",True
MK524485,2530133,Viruses,Mycobacterium phage MissDaisy,"Mycobacterium phage MissDaisy, complete genome",True
KU160661,1772311,Viruses,Arthrobacter phage Pumancara,"Arthrobacter phage Pumancara, complete genome",True
NC_021805,1327987,Viruses,Cellulophaga phage phi12a:1,"Cellulophaga phage phi12a:1, complete genome",True
NC_013644,673839,Viruses,Enterococcus phage phiFL4A,"Enterococcus phage phiFL4A, complete genome",True
NC_028749,1691958,Viruses,Brevibacillus phage Sundance,"Brevibacillus phage Sundance, complete genome",True
NC_009014,418443,Viruses,Erwinia phage Era103,"Erwinia amylovora phage Era103, complete genome",True
NC_029074,1622192,Viruses,Gordonia phage GordTnk2,"Gordonia phage GordTnk2, complete genome",True
KM408320,1541886,Viruses,Mycobacterium phage Lasso,"Mycobacterium phage Lasso, complete genome",True
NC_024365,1500757,Viruses,Pseudomonas phage phiPSA1,"Pseudomonas phage phiPSA1, complete genome",True
NC_023572,1445726,Viruses,Mycobacterium phage MichelleMyBell,"Mycobacterium phage MichelleMyBell, complete genome",True
MK359317,2502435,Viruses,Mycobacterium phage FrayBell,"Mycobacterium phage FrayBell, complete genome",True
KR080194,1647301,Viruses,Mycobacterium phage Vincenzo,"Mycobacterium phage Vincenzo, complete genome",True
NC_029026,1640885,Viruses,Enterococcus phage EFLK1,"Enterococcus phage EFLK1, complete genome",True
NC_007019,2908019,Viruses,Streptococcus phage 2972,"Streptococcus phage 2972, complete genome",True
KF841476,1429792,Viruses,Mycobacterium phage Melvin,"Mycobacterium phage Melvin, complete genome",True
KT990218,1755671,Viruses,Rhodococcus phage Lillie,"Rhodococcus phage Lillie, complete genome",True
NC_031941,1701814,Viruses,Streptococcus phage phiARI0131-2,"Streptococcus phage phiARI0131-2, complete genome",True
MF190168,2023953,Viruses,Mycobacterium phage Spoonbill,"Mycobacterium phage Spoonbill, complete genome",True
NC_005841,221029,Viruses,Enterobacteria phage ST104,"Enterobacteria phage ST104 DNA, complete genome",True
KR080197,1647304,Viruses,Mycobacterium phage FlagStaff,"Mycobacterium phage FlagStaff, complete genome",True
MK016499,2484212,Viruses,Mycobacterium phage Mangethe,"Mycobacterium phage Mangethe, complete genome",True
NC_031092,1805465,Viruses,Citrobacter phage SH2,"Citrobacter phage SH2, complete genome",True
NC_009812,330396,Viruses,Listeria phage B025,"Listeria phage B025, complete genome",True
NC_028688,1701804,Viruses,Klebsiella phage vB_Kp1,"Klebsiella phage vB_Kp1, complete genome",True
MF185718,2015834,Viruses,Arthrobacter phage Colucci,"Arthrobacter phage Colucci, complete genome",True
JF704111,1034144,Viruses,Mycobacterium phage Rockstar,"Mycobacterium phage Rockstar, complete genome",True
NC_021792,1327985,Viruses,Cellulophaga phage phi46:3,"Cellulophaga phage phi46:3, complete genome",True
NC_023705,2922994,Viruses,Mycobacterium phage Liefie,"Mycobacterium phage Liefie, complete genome",True
NC_031028,1887647,Viruses,Gordonia phage Ghobes,"Gordonia phage Ghobes, complete genome",True
NC_009543,2913975,Viruses,Xanthomonas phage Xop411,"Xanthomonas phage Xop411, complete genome",True
NC_031265,1821553,Viruses,Gordonia phage Guacamole,"Gordonia phage Guacamole, complete genome",True
NC_031099,1887648,Viruses,Gordonia phage Hedwig,"Gordonia phage Hedwig, complete genome",True
KU958700,1821728,Viruses,Streptomyces phage Chymera,"Streptomyces phage Chymera, complete genome",True
MF140427,2015868,Viruses,Arthrobacter phage Shrooms,"Arthrobacter phage Shrooms, complete genome",True
MK359353,2502475,Viruses,Mycobacterium phage BadAgartude,"Mycobacterium phage BadAgartude, complete genome",True
NC_023729,1056830,Viruses,Mycobacterium phage Charlie,"Mycobacterium phage Charlie, complete genome",True
NC_031009,1862959,Viruses,Lactococcus phage D4412,"Lactococcus phage D4412, complete genome",True
NC_006936,2892345,Viruses,Lactobacillus phage phiJL-1,"Lactobacillus phage phiJL-1, complete genome",True
NC_008206,373415,Viruses,Mycobacterium phage Wildcat,"Mycobacteriophage Wildcat, complete genome",True
MH450126,2250424,Viruses,Mycobacterium phage PhishRPhriends,"Mycobacterium phage PhishRPhriends, complete genome",True
NC_011038,532078,Viruses,Yersinia phage Yepe2,"Yersinia phage Yepe2, complete genome",True
NC_024371,1486469,Viruses,Mycobacterium phage Damien,"Mycobacterium phage Damien, complete genome",True
MG925356,2099642,Viruses,Mycobacterium phage OliverWalter,"Mycobacterium phage OliverWalter, complete genome",True
JN699002,1089114,Viruses,Mycobacterium phage Avrafan,"Mycobacterium phage Avrafan, complete genome",True
NC_014663,760939,Viruses,Acinetobacter phage Acj9,"Acinetobacter phage Acj9, complete genome",True
NC_011055,2914015,Viruses,Mycobacterium phage Porky,"Mycobacterium phage Porky, complete genome",True
JF704116,1034132,Viruses,Mycobacterium phage Drazdys,"Mycobacterium phage Drazdys, complete genome",True
NC_015584,2920893,Viruses,Mycobacterium phage Faith1,"Mycobacterium phage Faith1, complete genome",True
MK376956,2507857,Viruses,Gordonia phage WilliamBoone,"Gordonia phage WilliamBoone, complete genome",True
KP790011,1622193,Viruses,Gordonia phage Gsput1,"Gordonia phage Gsput1, complete genome",True
NC_019398,1141138,Viruses,Cronobacter phage vB_CsaM_GAP161,"Cronobacter phage vB_CsaM_GAP161, complete genome",True
MG757152,2079413,Viruses,Gordonia phage Adgers,"Gordonia phage Adgers, complete genome",True
MF189172,2024276,Viruses,Arthrobacter phage Elsa,"Arthrobacter phage Elsa, complete genome",True
KR337645,1655014,Viruses,Propionibacterium phage Kubed,"Propionibacterium phage Kubed, complete genome",True
NC_001956,83201,Viruses,Vibrio phage fs2,"Vibrio phage fs2, complete genome",True
NC_029098,1556290,Viruses,Streptomyces phage Jay2Jay,"Streptomyces phage Jay2Jay, complete genome",True
NC_028842,1556289,Viruses,Mycobacterium phage CaptainTrips,"Mycobacterium phage CaptainTrips, complete genome",True
MK359362,2502480,Viruses,Mycobacterium phage Atlantean,"Mycobacterium phage Atlantean, complete genome",True
NC_022756,1414736,Viruses,Lactobacillus phage J-1,"Lactobacillus phage J-1, complete genome",True
NC_019513,1168612,Viruses,Staphylococcus phage SMSAP5,"Staphylococcus phage SMSAP5, complete genome",True
KX576639,1897766,Viruses,Mycobacterium phage DudeLittle,"Mycobacterium phage DudeLittle, complete genome",True
NC_028900,2919545,Viruses,Lactococcus phage SL4,"Lactococcus phage SL4, complete genome",True
MK305890,2500797,Viruses,Streptomyces phage WheeHeim,"Streptomyces phage WheeHeim, complete genome",True
NC_016571,1124849,Viruses,Pseudomonas phage OBP,"Pseudomonas phage OBP, complete genome",True
KT222940,1679527,Viruses,Mycobacterium phage Kinbote,"Mycobacterium phage Kinbote, complete genome",True
MH271316,2201443,Viruses,Microbacterium phage Tandem,"Microbacterium phage Tandem, complete genome",True
NC_031257,1805459,Viruses,Mycobacterium phage Mulciber,"Mycobacterium phage Mulciber, complete genome",True
MH834607,2419952,Viruses,Arthrobacter phage Corgi,"Arthrobacter phage Corgi, complete genome",True
MK359324,2502442,Viruses,Mycobacterium phage Tortoise16,"Mycobacterium phage Tortoise16, complete genome",True
NC_027620,1655016,Viruses,Propionibacterium phage MrAK,"Propionibacterium phage MrAK, complete genome",True
NC_028788,1589750,Viruses,Paenibacillus phage Diva,"Bacteriophage Diva, complete genome",True
NC_031226,1821549,Viruses,Gordonia phage BaxterFox,"Gordonia phage BaxterFox, complete genome",True
KX688047,1897445,Viruses,Mycobacterium phage Marcoliusprime,"Mycobacterium phage Marcoliusprime, complete genome",True
MH825698,2315703,Viruses,Microbacterium phage Burro,"Microbacterium phage Burro, complete genome",True
NC_000871,2905685,Viruses,Streptococcus phage Sfi19,"Streptococcus phage Sfi19, complete genome",True
MK279847,2499001,Viruses,Arthrobacter phage CristinaYang,"Arthrobacter phage CristinaYang, complete genome",True
KY092481,1920310,Viruses,Streptomyces phage PapayaSalad,"Streptomyces phage PapayaSalad, complete genome",True
MG839020,2079585,Viruses,Microbacterium phage Kale,"Microbacterium phage Kale, complete genome",True
NC_024143,1468169,Viruses,Mycobacterium phage Lamina13,"Mycobacterium phage Lamina13, complete genome",True
NC_027399,1439894,Viruses,Klebsiella phage K64-1,"Klebsiella phage K64-1 DNA, complete genome",True
MF140414,2015885,Viruses,Mycobacterium phage Krypton555,"Mycobacterium phage Krypton555, complete genome",True
MH834604,2419974,Viruses,Microbacterium phage Coltrane,"Microbacterium phage Coltrane, complete genome",True
KX620754,1897537,Viruses,Propionibacterium phage G4,"Propionibacterium phage G4, complete genome",True
MH450129,2250417,Viruses,Gordonia phage Ribeye,"Gordonia phage Ribeye, complete genome",True
NC_002668,151537,Viruses,Lactococcus phage bIL309,"Lactococcus prophage bIL309, complete genome",True
NC_016761,1125653,Viruses,Salmonella phage SPN1S,"Salmonella phage SPN1S, complete genome",True
MF541403,2024286,Viruses,Streptomyces phage BeardedLady,"Streptomyces phage BeardedLady, complete genome",True
JF957058,2922217,Viruses,Mycobacterium phage HelDan,"Mycobacterium phage HelDan, complete genome",True
NC_028919,1640969,Viruses,Pseudomonas phage DL54,"Pseudomonas phage DL54, complete genome",True
JF957056,1032894,Viruses,Mycobacterium phage Thora,"Mycobacterium phage Thora, complete genome",True
NC_008198,373410,Viruses,Mycobacterium phage PBI1,"Mycobacterium phage PBI1, complete genome",True
NC_031274,1784982,Viruses,Pseudomonas phage O4,"Pseudomonas phage O4, complete genome",True
NC_028744,1718166,Viruses,Mycobacterium phage LadyBird,"Mycobacterium phage LadyBird, complete genome",True
NC_028658,1458715,Viruses,Mycobacterium phage Swish,"Mycobacterium phage Swish, complete genome",True
NC_023745,2923002,Viruses,Mycobacterium phage LHTSCC,"Mycobacterium virus LHTSCC, complete genome",True
JN006062,1035483,Viruses,Mycobacterium phage Rakim,"Mycobacterium phage Rakim, complete genome",True
MH926062,2483722,Viruses,Mycobacterium phage Vorrps,"Mycobacterium phage Vorrps, complete genome",True
MK450426,2510569,Viruses,Streptomyces phage Euratis,"Streptomyces phage Euratis, complete genome",True
MK279886,2499020,Viruses,Arthrobacter phage TattModd,"Arthrobacter phage TattModd, complete genome",True
KR080203,1647310,Viruses,Mycobacterium phage OrangeOswald,"Mycobacterium phage OrangeOswald, complete genome",True
MH576977,2283262,Viruses,Mycobacterium phage Tydolla,"Mycobacterium phage Tydolla, complete genome",True
JX649097,1235693,Viruses,Mycobacterium phage Piglet,"Mycobacterium phage Piglet, complete genome",True
KU160652,1772303,Viruses,Arthrobacter phage Joann,"Arthrobacter phage Joann, complete genome",True
KX702319,1897426,Viruses,Mycobacterium phage Pinkman,"Mycobacterium phage Pinkman, complete genome",True
NC_020842,756282,Viruses,Cellulophaga phage phiST,Cellulophaga phage phiST genomic sequence,True
MG839028,2079592,Viruses,Microbacterium phage Tenda,"Microbacterium phage Tenda, complete genome",True
NC_031938,1814286,Viruses,Flavobacterium phage Fpv6,"Flavobacterium phage Fpv6, complete genome",True
KX369583,1873888,Viruses,Mycobacterium phage Littleton,"Mycobacterium phage Littleton, complete genome",True
NC_015263,881953,Viruses,Lactococcus phage 949,"Lactococcus phage 949, complete genome",True
MK359303,2502421,Viruses,Mycobacterium phage Shnickers,"Mycobacterium phage Shnickers, complete genome",True
KY092482,1920309,Viruses,Streptomyces phage Mojorita,"Streptomyces phage Mojorita, complete genome",True
NC_019405,2927985,Viruses,Caulobacter phage phiCbK,"Caulobacter phage phiCbK, complete genome",True
KX576640,1897763,Viruses,Arthrobacter phage RcigaStruga,"Arthrobacter phage RcigaStruga, complete genome",True
MK305893,2500791,Viruses,Mycobacterium phage Beatrix,"Mycobacterium phage Beatrix, complete genome",True
MK279857,2499042,Viruses,Mycobacterium phage IronMan,"Mycobacterium phage IronMan, complete genome",True
MH450118,2250411,Viruses,Arthrobacter phage Herb,"Arthrobacter phage Herb, complete genome",True
MK359360,2502454,Viruses,Mycobacterium phage Hexamo,"Mycobacterium phage Hexamo, complete genome",True
MH479924,2250396,Viruses,Gordonia phage Rofo,"Gordonia phage Rofo, complete genome",True
MH371120,2250364,Viruses,Mycobacterium phage OlympiaSaint,"Mycobacterium phage OlympiaSaint, complete genome",True
MG663582,2060086,Viruses,Streptomyces phage HaugeAnator,"Streptomyces phage HaugeAnator, complete genome",True
KJ194581,1458709,Viruses,Mycobacterium phage Audrey,"Mycobacterium phage Audrey, complete genome",True
MK359336,2502463,Viruses,Mycobacterium phage Chargie21,"Mycobacterium phage Chargie21, complete genome",True
JF937100,2922211,Viruses,Mycobacterium phage Lesedi,"Mycobacterium phage Lesedi, complete genome",True
MF919540,2041556,Viruses,Mycobacterium phage Willez,"Mycobacterium phage Willez, complete genome",True
NC_022768,1406795,Viruses,Salmonella phage Maynard,"Salmonella phage Maynard, complete genome",True
NC_011612,2914017,Viruses,Staphylococcus phage phiSauS-IPLA35,"Staphylococcus phage phiSauS-IPLA35, complete genome",True
NC_031946,1813779,Viruses,Salmonella phage 103203_sal5,"Salmonella Phage 103203_sal5, complete genome",True
MH825700,2315704,Viruses,Microbacterium phage Efeko,"Microbacterium phage Efeko, complete genome",True
NC_028666,1589270,Viruses,Streptococcus phage Str-PAP-1,"Streptococcus phage Str-PAP-1, complete genome",True
NC_020878,382262,Viruses,Prochlorococcus phage P-GSP1,Prochlorococcus phage P-GSP1 genomic sequence,True
KX664447,1897487,Viruses,Mycobacterium phage Phaeder,"Mycobacterium phage Phaeder, complete genome",True
NC_023588,1168563,Viruses,Stenotrophomonas phage Smp131,"Stenotrophomonas phage Smp131, complete genome",True
NC_031080,1891703,Viruses,Mycobacterium phage Tonenili,"Mycobacterium phage Tonenili, complete genome",True
NC_027622,1655022,Viruses,Propionibacterium phage Stormborn,"Propionibacterium phage Stormborn, complete genome",True
NC_018831,1225800,Viruses,Listeria phage P70,"Listeria phage P70, complete genome",True
NC_026602,1548902,Viruses,Pseudomonas phage vB_PaeP_PAO1_Ab05,"Pseudomonas phage vB_PaeP_PAO1_Ab05, complete genome",True
JN006061,1035485,Viruses,Mycobacterium phage Toto,"Mycobacterium phage Toto, complete genome",True
NC_019935,763998,Viruses,Pseudomonas phage KPP12,"Pseudomonas phage KPP12 DNA, complete genome",True
MK061406,2488781,Viruses,Gordonia phage Adora,"Gordonia phage Adora, complete genome",True
MH697585,2301551,Viruses,Mycobacterium phage Gex,"Mycobacterium phage Gex, complete genome",True
MH479909,2250400,Viruses,Mycobacterium phage Commander,"Mycobacterium phage Commander, complete genome",True
MF467949,2024285,Viruses,Streptomyces phage Spectropatronm,"Streptomyces phage Spectropatronm, complete genome",True
MK450422,2510576,Viruses,Mycobacterium phage RoMag,"Mycobacterium phage RoMag, complete genome",True
MF189171,2024275,Viruses,Arthrobacter phage Correa,"Arthrobacter phage Correa, complete genome",True
NC_006565,2892344,Viruses,Lactobacillus phage LP65,"Lactobacillus phage LP65, complete genome",True
MH045561,2126933,Viruses,Microbacterium phage PaoPu,"Microbacterium phage PaoPu, complete genome",True
MF185730,2015847,Viruses,Mycobacterium phage Miley16,"Mycobacterium phage Miley16, complete genome",True
NC_012784,648017,Viruses,Staphylococcus phage phiPVL-CN125,"Staphylococcus phage phiPVL-CN125, complete genome",True
MH045563,2126935,Viruses,Microbacterium phage Robinson,"Microbacterium phage Robinson, complete genome",True
MH077581,2163594,Viruses,Mycobacterium phage Nemo27,"Mycobacterium phage Nemo27, complete genome",True
NC_024215,1476886,Viruses,Lactococcus phage P078,"Lactococcus phage P078, complete genome",True
NC_031933,1813782,Viruses,Salmonella phage 118970_sal2,"Salmonella phage 118970_sal2, complete genome",True
MH651169,2301702,Viruses,Mycobacterium phage Burwell21,"Mycobacterium phage Burwell21, complete genome",True
KX576647,1897764,Viruses,Mycobacterium phage CharlieGBrown,"Mycobacterium phage CharlieGBrown, complete genome",True
NC_028803,1035482,Viruses,Mycobacterium phage OSmaximus,"Mycobacterium phage OSmaximus, complete genome",True
NC_031060,1887649,Viruses,Gordonia phage JSwag,"Gordonia phage JSwag, complete genome",True
KX641264,1897546,Viruses,Mycobacterium phage LindNT,"Mycobacterium phage LindNT, complete genome",True
NC_031262,1815608,Viruses,Mycobacterium phage Brocalys,"Mycobacterium phage Brocalys, complete genome",True
NC_028966,1636546,Viruses,Tsukamurella phage TIN3,"Tsukamurella phage TIN3, complete genome",True
MH825706,2315717,Viruses,Streptomyces phage Microdon,"Streptomyces phage Microdon, complete genome",True
NC_011284,563124,Viruses,Mycobacterium phage Chah,"Mycobacterium phage Chah, complete genome",True
MK359306,2502424,Viruses,Mycobacterium phage Norm,"Mycobacterium phage Norm, complete genome",True
NC_028889,1675549,Viruses,Mycobacterium phage Florinda,"Mycobacterium phage Florinda, complete genome",True
MG812489,2079566,Viruses,Mycobacterium phage Greg,"Mycobacterium phage Greg, complete genome",True
NC_031263,1821723,Viruses,Mycobacterium phage EvilGenius,"Mycobacterium phage EvilGenius, complete genome",True
MK411746,2510495,Viruses,Arthrobacter phage Sonali,"Arthrobacter phage Sonali, complete genome",True
KX458237,1873950,Viruses,Mycobacterium phage Penny1,"Mycobacterium phage Penny1, complete genome",True
KX817174,1913042,Viruses,Mycobacterium phage LittleB,"Mycobacterium phage LittleB, complete genome",True
MK112536,2488966,Viruses,Mycobacterium phage Cannibal,"Mycobacterium phage Cannibal, complete genome",True
NC_001650,12657,Viruses,Equid gammaherpesvirus 2,"Equid herpesvirus 2 strain 86/67, complete genome",True
NC_004172,134554,Viruses,Pseudomonas phage phi13,"Pseudomonas phage phi13 segment L, complete genome",True
MK016504,2484216,Viruses,Mycobacterium phage Whouxphf,"Mycobacterium phage Whouxphf, complete genome",True
KU160674,1772324,Viruses,Arthrobacter phage Yank,"Arthrobacter phage Yank, complete genome",True
NC_023689,1070990,Viruses,Mycobacterium phage Lilac,"Mycobacterium phage Lilac, complete genome",True
MF324907,2015815,Viruses,Arthrobacter phage Beans,"Arthrobacter phage Beans, complete genome",True
NC_019549,941969,Viruses,Liberibacter phage SC1,"Liberibacter phage SC1, complete genome",True
NC_030932,1622193,Viruses,Gordonia phage Gsput1,"Gordonia phage Gsput1, complete genome",True
NC_016652,1109713,Viruses,Rhodococcus phage REQ2,"Rhodococcus phage REQ2, complete genome",True
NC_027987,745088,Viruses,Leuconostoc phage 1-A4,"Leuconostoc phage 1-A4, complete genome",True
NC_016650,2922221,Viruses,Rhodococcus phage RGL3,"Rhodococcus phage RGL3, complete genome",True
MH825713,2315715,Viruses,Mycobacterium phage Zalkecks,"Mycobacterium phage Zalkecks, complete genome",True
MH371119,2250363,Viruses,Mycobacterium phage OctaviousRex,"Mycobacterium phage OctaviousRex, complete genome",True
KU998252,1838076,Viruses,Gordonia phage PatrickStar,"Gordonia phage PatrickStar, complete genome",True
NC_018270,1161906,Viruses,Weissella phage phiYS61,"Weissella phage phiYS61, complete genome",True
MF472895,2024295,Viruses,Mycobacterium phage Kimona,"Mycobacterium phage Kimona, complete genome",True
NC_016568,1069378,Viruses,Helicobacter phage phiHP33,"Helicobacter phage phiHP33, complete genome",True
NC_031904,1814284,Viruses,Flavobacterium phage Fpv3,"Flavobacterium phage Fpv3, complete genome",True
NC_022987,1415146,Viruses,Xylella phage Prado,"Xylella phage Prado, complete genome",True
NC_022330,1354514,Viruses,Mycobacterium phage Quink,"Mycobacterium phage Quink, complete genome",True
NC_002656,2902907,Viruses,Mycobacterium phage Bxb1,"Mycobacterium phage Bxb1, complete genome",True
MH271301,2201435,Viruses,Microbacterium phage Krampus,"Microbacterium phage Krampus, complete genome",True
MF919511,2041535,Viruses,Mycobacterium phage Kailash,"Mycobacterium phage Kailash, complete genome",True
NC_022069,1340820,Viruses,Mycobacterium phage Jabbawokkie,"Mycobacterium phage Jabbawokkie, complete genome",True
MF347639,2023995,Viruses,Streptomyces phage Samisti12,"Streptomyces phage Samisti12, complete genome",True
MF324915,2015817,Viruses,Mycobacterium phage Amgine,"Mycobacterium phage Amgine, complete genome",True
NC_004333,2883946,Viruses,Burkholderia phage Bcep781,"Burkholderia phage Bcep781, complete genome",True
MH825704,2315709,Viruses,Mycobacterium phage LilTurb,"Mycobacterium phage LilTurb, complete genome",True
NC_007024,322855,Viruses,Xanthomonas phage Xp15,"Xanthomonas phage Xp15, complete genome",True
NC_028954,1662332,Viruses,Rhodobacter phage RcRhea,"Rhodobacter phage RcRhea, complete genome",True
MK305886,2500793,Viruses,Mycobacterium phage Poenanya,"Mycobacterium phage Poenanya, complete genome",True
KT381276,1701853,Viruses,Mycobacterium phage Serenity,"Mycobacterium phage Serenity, complete genome",True
NC_022970,981431,Viruses,Pseudomonas phage PAK_P3,"Pseudomonas phage PAK_P3, complete genome",True
NC_028978,1560286,Viruses,Mycobacterium phage Murucutumbu,"Mycobacterium phage Murucutumbu, complete genome",True
KT588442,1718166,Viruses,Mycobacterium phage LadyBird,"Mycobacterium phage LadyBird, complete genome",True
NC_028912,1527534,Viruses,Mycobacterium phage Swirley,"Mycobacterium phage Swirley, complete genome",True
NC_001396,2928691,Viruses,Xanthomonas phage Cf1c,"Xanthomonas phage Cf1c, complete genome",True
NC_016073,1080800,Viruses,Salmonella phage SFP10,"Salmonella phage SFP10, complete genome",True
NC_021299,1325953,Viruses,Mycobacterium phage PegLeg,"Mycobacterium phage PegLeg, complete genome",True
KM402757,1541823,Viruses,Mycobacterium phage Llama,"Mycobacterium phage Llama, complete genome",True
MH536827,2250332,Viruses,Mycobacterium phage Simpliphy,"Mycobacterium phage Simpliphy, complete genome",True
MF324913,2015818,Viruses,Mycobacterium phage Cain,"Mycobacterium phage Cain, complete genome",True
MK433263,2510505,Viruses,Gordonia phage FelixAlejandro,"Gordonia phage FelixAlejandro, complete genome",True
NC_031022,1863010,Viruses,Shigella phage SHSML-45,"Shigella phage SHSML-45, complete genome",True
KU998254,1838069,Viruses,Gordonia phage Kampe,"Gordonia phage Kampe, complete genome",True
NC_028968,1698252,Viruses,Mycobacterium phage BrownCNA,"Mycobacterium phage BrownCNA, complete genome",True
NC_011043,532077,Viruses,Klebsiella phage K11,"Klebsiella phage K11, complete genome",True
NC_028987,1735582,Viruses,Acinetobacter phage IME-200,"Acinetobacter phage IME200, complete genome",True
NC_018860,1126950,Viruses,Bacillus phage BCP78,"Bacillus phage BCP78, complete genome",True
NC_020845,889956,Viruses,Prochlorococcus phage MED4-213,"Cyanophage MED4-213, complete genome",True
NC_002643,145579,Viruses,Bdellovibrio phage phiMH2K,"Bdellovibrio phage phiMH2K, complete genome",True
MF140431,2015870,Viruses,Arthrobacter phage Taj14,"Arthrobacter phage Taj14, complete genome",True
NC_007145,2681592,Viruses,Burkholderia phage phiE52237,"Burkholderia prophage phi52237, complete genome",True
NC_007059,2936816,Viruses,Staphylococcus phage 71,"Staphylococcus phage 71, complete genome",True
NC_029066,1573458,Viruses,Pseudomonas phage PS-1,"Pseudomonas phage PS-1 DNA, complete sequence",True
NC_020871,1168744,Viruses,Listeria phage vB_LmoM_AG20,"Listeria phage vB_LmoM_AG20, complete genome",True
NC_026583,1567466,Viruses,Mycobacterium phage Alvin,"Mycobacterium phage Alvin, complete genome",True
MH834625,2419967,Viruses,Arthrobacter phage Richie,"Arthrobacter phage Richie, complete genome",True
NC_009604,2881397,Viruses,Burkholderia phage BcepNY3,"Burkholderia phage BcepNY3, complete genome",True
NC_028946,1698357,Viruses,Mycobacterium phage Dante,"Mycobacterium phage Dante, complete genome",True
MG757154,2079427,Viruses,Streptomyces phage Bing,"Streptomyces phage Bing, complete genome",True
NC_023498,1414747,Viruses,Mycobacterium phage Validus,"Mycobacterium phage Validus, complete genome",True
MH744421,2315609,Viruses,Arthrobacter phage Moki,"Arthrobacter phage Moki, complete genome",True
NC_007061,2936818,Viruses,Staphylococcus phage 29,"Staphylococcus phage 29, complete genome",True
MH271314,2201454,Viruses,Rhodococcus phage Swann,"Rhodococcus phage Swann, complete genome",True
MK279850,2499039,Viruses,Mycobacterium phage Durga,"Mycobacterium phage Durga, complete genome",True
MH513979,2250296,Viruses,Gordonia phage Pollux,"Gordonia phage Pollux, complete genome",True
KU963249,1821565,Viruses,Gordonia phage Yeezy,"Gordonia phage Yeezy, complete genome",True
NC_004689,205880,Viruses,Mycobacterium phage Barnyard,"Mycobacterium phage Barnyard, complete genome",True
NC_022054,1340829,Viruses,Mycobacterium phage Muddy,"Mycobacterium phage Muddy, complete genome",True
MK433259,2510515,Viruses,Streptomyces phage IceWarrior,"Streptomyces phage IceWarrior, complete genome",True
NC_024203,1476887,Viruses,Lactococcus phage P092,"Lactococcus phage P092, complete genome",True
NC_024391,1464127,Viruses,Staphylococcus phage DW2,"Staphylococcus phage DW2, complete genome",True
NC_023722,691963,Viruses,Rhodococcus phage ReqiPine5,"Rhodococcus phage ReqiPine5, complete genome",True
NC_030907,1647472,Viruses,Gordonia phage GMA5,"Gordonia phage GMA5, complete genome",True
KM881426,1566994,Viruses,Mycobacterium phage ZygoTaiga,Mycobacterium phage ZygoTaiga,True
NC_031012,1873998,Viruses,Bacillus phage Kida,"Bacillus phage Kida, complete genome",True
MH271295,2201426,Viruses,Gordonia phage Ebert,"Gordonia phage Ebert, complete genome",True
MH576955,2283242,Viruses,Arthrobacter phage Hunnie,"Arthrobacter phage Hunnie, complete genome",True
JN049605,2922220,Viruses,Mycobacterium phage EricB,"Mycobacterium phage EricB, complete genome",True
NC_029016,1747287,Viruses,Enterococcus phage vB_EfaS_IME198,"Enterococcus phage vB_EfaS_IME198, complete genome",True
MH155872,2182399,Viruses,Streptomyces phage Moozy,"Streptomyces phage Moozy, complete genome",True
NC_022096,1335230,Viruses,Pseudomonas phage PaBG,"Pseudomonas phage PaBG, complete genome",True
NC_007501,146269,Viruses,Lactobacillus phage Lc-Nu,"Lactobacillus phage Lc-Nu, complete genome",True
NC_029046,1524882,Viruses,Sinorhizobium phage phiLM21,"Sinorhizobium phage phiLM21, complete genome",True
NC_027391,1500801,Viruses,Propionibacterium phage PHL041M10,"Propionibacterium phage PHL041M10, complete genome",True
NC_027331,1540095,Viruses,Citrobacter phage Moon,"Citrobacter phage Moon, complete genome",True
KT355473,1698362,Viruses,Arthrobacter phage Jessica,"Arthrobacter phage Jessica, complete genome",True
JF704110,2920890,Viruses,Mycobacterium phage PackMan,"Mycobacterium phage PackMan, complete genome",True
NC_031015,1874001,Viruses,Bacillus phage Claudi,"Bacillus phage Claudi, complete genome",True
KX557278,1887647,Viruses,Gordonia phage Ghobes,"Gordonia phage Ghobes, complete genome",True
KT818595,1735466,Viruses,Mycobacterium phage Pepe,"Mycobacterium phage Pepe, complete genome",True
MH651167,2301691,Viruses,Gordonia phage Angelique,"Gordonia phage Angelique, complete genome",True
MH178381,2182342,Viruses,Streptomyces phage BayC,"Streptomyces phage BayC, complete genome",True
NC_016563,764595,Viruses,Bacillus phage W.Ph.,"Bacillus phage W.Ph., complete genome",True
MK061414,2488787,Viruses,Mycobacterium phage Marley1013,"Mycobacterium phage Marley1013, complete genome",True
JF704094,1034130,Viruses,Mycobacterium phage ChrisnMich,"Mycobacterium phage ChrisnMich, complete sequence",True
NC_022770,1406789,Viruses,Bacillus phage Pony,"Bacillus phage Pony, complete genome",True
KP027202,1567477,Viruses,Mycobacterium phage Taurus,"Mycobacterium phage Taurus, complete genome",True
MF324901,2015830,Viruses,Rhodococcus phage Naiad,"Rhodococcus phage Naiad, complete genome",True
NC_023721,2922995,Viruses,Mycobacterium phage Drago,"Mycobacterium phage Drago, complete genome",True
MH271320,2201444,Viruses,Microbacterium phage Zeta1847,"Microbacterium phage Zeta1847, complete genome",True
NC_018853,2927987,Viruses,Streptomyces phage TG1,"Streptomyces phage TG1, complete genome",True
MH669002,2301564,Viruses,Mycobacterium phage Emmina,"Mycobacterium phage Emmina, complete genome",True
NC_028886,1643324,Viruses,Bacillus phage phi4B1,"Bacillus phage phi4B1, complete genome",True
MK359352,2502450,Viruses,Mycobacterium phage JewelBug,"Mycobacterium phage JewelBug, complete genome",True
NC_028821,1732064,Viruses,Staphylococcus phage StB20-like,"Staphylococcus phage StB20-like, complete genome",True
NC_027363,1560282,Viruses,Proteus phage PM 75,"Proteus phage PM 75, complete genome",True
NC_022087,1076630,Viruses,Mycobacterium phage AnnaL29,"Mycobacterium phage AnnaL29, complete genome",True
NC_004681,2907830,Viruses,Mycobacterium phage Cjw1,"Mycobacterium phage Cjw1, complete genome",True
MG757165,2079424,Viruses,Mycobacterium phage Phergie,"Mycobacterium phage Phergie, complete genome",True
KU998245,1838074,Viruses,Gordonia phage OneUp,"Gordonia phage OneUp, complete genome",True
MK112549,2488975,Viruses,Mycobacterium phage Morizzled23,"Mycobacterium phage Morizzled23, complete genome",True
KX657793,1912975,Viruses,Mycobacterium phage DarthPhader,"Mycobacterium phage DarthPhader, complete genome",True
MH651183,2301710,Viruses,Mycobacterium phage Nivrat,"Mycobacterium phage Nivrat, complete genome",True
NC_023728,2922999,Viruses,Mycobacterium phage DeadP,"Mycobacterium phage DeadP, complete genome",True
MF668284,2027902,Viruses,Mycobacterium phage Squint,"Mycobacterium phage Squint, complete genome",True
NC_026612,1449896,Viruses,Uncultured phage WW-nAnB strain 2,"Uncultured phage WW-nAnB strain 2, complete genome",True
KP027198,1567470,Viruses,Mycobacterium phage Gadost,"Mycobacterium phage Gadost, complete genome",True
NC_004927,2847106,Viruses,Halophage HF1,"Halophage HF1, complete genome",True
NC_004617,2992645,Viruses,Staphylococcus phage phi 13,"Staphylococcus prophage phi 13, complete genome",True
NC_018273,1161930,Viruses,Leuconostoc phage Lmd1,"Leuconostoc phage Lmd1, complete genome",True
MH590591,2283293,Viruses,Mycobacterium phage Sabella,"Mycobacterium phage Sabella, complete genome",True
MH576970,2283253,Viruses,Mycobacterium phage DonSanchon,"Mycobacterium phage DonSanchon, complete genome",True
KX621004,1897553,Viruses,Arthrobacter phage Suppi,"Arthrobacter phage Suppi, complete genome",True
MG839019,2079583,Viruses,Microbacterium phage Hamlet,"Microbacterium phage Hamlet, complete genome",True
MK359309,2502427,Viruses,Mycobacterium phage Czyszczon1,"Mycobacterium phage Czyszczon1, complete genome",True
NC_021803,1328030,Viruses,Cellulophaga phage phi13:2,"Cellulophaga phage phi13:2, complete genome",True
KT375356,1700839,Viruses,Rhodococcus phage Rhodalysa,"Rhodococcus phage Rhodalysa, complete genome",True
NC_028827,1674927,Viruses,Streptomyces phage Lannister,"Streptomyces phage Lannister, complete genome",True
NC_010392,129861,Viruses,Phage Gifsy-1,"Phage Gifsy-1, complete genome",True
JF704113,1034147,Viruses,Mycobacterium phage UPIE,"Mycobacterium phage UPIE, complete genome",True
MG812492,2079569,Viruses,Mycobacterium phage Lambert1,"Mycobacterium phage Lambert1, complete genome",True
NC_016653,1109715,Viruses,Rhodococcus phage RER2,"Rhodococcus phage RER2, complete genome",True
NC_002531,35252,Viruses,Alcelaphine gammaherpesvirus 1,"Alcelaphine herpesvirus 1, complete genome",True
MH744420,2315619,Viruses,Streptomyces phage Kromp,"Streptomyces phage Kromp, complete genome",True
MG757167,2079425,Viruses,Mycobacterium phage Tesla,"Mycobacterium phage Tesla, complete genome",True
NC_021531,1195085,Viruses,Cronobacter phage CR5,"Cronobacter phage CR5, complete genome",True
NC_015264,942165,Viruses,Pseudomonas phage phiIBB-PF7A,"Pseudomonas phage phiIBB-PF7A, complete genome",True
NC_031117,1792222,Viruses,Acinetobacter phage LZ35,"Acinetobacter phage LZ35, complete genome",True
KM101119,1527535,Viruses,Mycobacterium phage Tiffany,"Mycobacterium phage Tiffany, complete genome",True
MH271299,2201450,Viruses,Rhodococcus phage Gollum,"Rhodococcus phage Gollum, complete genome",True
MG757158,2079418,Viruses,Mycobacterium phage HighStump,"Mycobacterium phage HighStump, complete genome",True
MH047631,2126721,Viruses,Microbacterium phage Triscuit,"Microbacterium phage Triscuit, complete genome",True
MK359333,2502460,Viruses,Mycobacterium phage JustHall,"Mycobacterium phage JustHall, complete genome",True
KU998243,1838071,Viruses,Gordonia phage Kvothe,"Gordonia phage Kvothe, complete genome",True
MH779507,2315540,Viruses,Mycobacterium phage Hotshotbaby7,"Mycobacterium phage Hotshotbaby7, complete genome",True
NC_007063,2908115,Viruses,Staphylococcus phage 88,"Staphylococcus phage 88, complete genome",True
NC_010179,139871,Viruses,Lactobacillus prophage Lj771,"Lactobacillus johnsonii prophage Lj771, complete genome",True
MK359313,2502431,Viruses,Gordonia phage Vasanti,"Gordonia phage Vasanti, complete genome",True
KM591906,1555235,Viruses,Mycobacterium phage SweetiePie,"Mycobacterium phage SweetiePie, complete genome",True
NC_028930,1718161,Viruses,Paenibacillus phage Tripp,"Paenibacillus phage Tripp, complete genome",True
MH590596,2283297,Viruses,Mycobacterium phage Mantra,"Mycobacterium phage Mantra, complete genome",True
NC_023555,1391659,Viruses,Edwardsiella phage eiAU-183,"Edwardsiella phage eiAU-183, complete genome",True
NC_006552,2679904,Viruses,Pseudomonas phage F116,"Pseudomonas phage F116, complete genome",True
NC_030696,1838078,Viruses,Gordonia phage Smoothie,"Gordonia phage Smoothie, complete genome",True
MH576958,2283257,Viruses,Mycobacterium phage MichaelPhcott,"Mycobacterium phage MichaelPhcott, complete genome",True
NC_024148,1486426,Viruses,Mycobacterium phage Phantastic,"Mycobacterium phage Phantastic, complete genome",True
NC_025467,1161939,Viruses,Enterococcus phage vB_Efae230P-4,"Enterococcus phage vB_Efae230P-4, complete genome",True
MH020244,2126809,Viruses,Mycobacterium phage Lopton,"Mycobacterium phage Lopton, complete genome",True
MK524498,2530124,Viruses,Mycobacterium phage Chill,"Mycobacterium phage Chill, complete genome",True
NC_024392,1458857,Viruses,Listeria phage LP-114,"Listeria phage LP-114, complete genome",True
MF668266,2027883,Viruses,Arthrobacter phage Adat,"Arthrobacter phage Adat, complete genome",True
NC_012697,490912,Viruses,Silicibacter phage DSS3phi2,"Roseophage DSS3P2, complete genome",True
NC_019400,1141135,Viruses,Cronobacter phage vB_CsaM_GAP31,"Cronobacter phage vB_CsaM_GAP31, complete genome",True
MF140419,2015862,Viruses,Arthrobacter phage Lore,"Arthrobacter phage Lore, complete genome",True
NC_031269,1821565,Viruses,Gordonia phage Yeezy,"Gordonia phage Yeezy, complete genome",True
NC_031066,1805464,Viruses,Citrobacter phage SH1,"Citrobacter phage SH1, complete genome",True
MF919535,2041552,Viruses,Mycobacterium phage Terminus,"Mycobacterium phage Terminus, complete genome",True
NC_031258,1543199,Viruses,Salmonella phage BP12A,"Salmonella phage BP12A, complete genome",True
NC_028910,1698715,Viruses,Mycobacterium phage XFactor,"Mycobacterium phage XFactor, complete genome",True
MF668282,2027889,Viruses,Gordonia phage ShayRa,"Gordonia phage ShayRa, complete genome",True
NC_023599,1357713,Viruses,Bacillus phage phiCM3,"Bacillus phage phiCM3, complete genome",True
JF704115,2920891,Viruses,Mycobacterium phage Yoshi,"Mycobacterium phage Yoshi, complete genome",True
MF919501,2041525,Viruses,Mycobacterium phage DaWorst,"Mycobacterium phage DaWorst, complete genome",True
NC_030930,1838063,Viruses,Gordonia phage Bowser,"Gordonia phage Bowser, complete genome",True
NC_008208,2911441,Viruses,Aeromonas phage 25,"Aeromonas phage 25, complete genome",True
NC_028692,1698361,Viruses,Arthrobacter phage Decurro,"Arthrobacter phage Decurro, complete genome",True
MF919516,2041561,Viruses,Propionibacterium phage LilBandit,"Propionibacterium phage LilBandit, complete genome",True
MH229862,2201346,Viruses,Streptomyces phage Henoccus,"Streptomyces phage Henoccus, complete genome",True
KU963254,1821559,Viruses,Gordonia phage Obliviate,"Gordonia phage Obliviate, complete genome",True
NC_004685,2907833,Viruses,Mycobacterium phage Corndog,"Mycobacterium phage Corndog, complete genome",True
JF704100,1034139,Viruses,Mycobacterium phage Marvin,"Mycobacterium phage Marvin, complete sequence",True
KX550443,1881141,Viruses,Mycobacterium phage Magnito,"Mycobacterium phage Magnito, complete genome",True
NC_019485,942016,Viruses,Enterobacter phage EcP1,"Enterobacter phage EcP1, complete genome",True
NC_020841,754048,Viruses,Psychrobacter phage pOW20-A,Psychrobacter phage pOW20-A genomic sequence,True
KU963252,1821561,Viruses,Gordonia phage Schnabeltier,"Gordonia phage Schnabeltier, complete genome",True
NC_031112,1821560,Viruses,Gordonia phage Phinally,"Gordonia phage Phinally, complete genome",True
MH976512,2483670,Viruses,Gordonia phage Geodirt,"Gordonia phage Geodirt, complete genome",True
NC_008799,2994038,Viruses,Staphylococcus phage phiETA3,"Staphylococcus phage phiETA3 DNA, complete genome, strain: TY32",True
NC_027988,1622234,Viruses,Citrobacter phage CVT22,"Citrobacter phage CVT22, complete genome",True
MH000607,2108119,Viruses,Mycobacterium phage RiverMonster,"Mycobacterium phage RiverMonster, complete genome",True
NC_010763,528321,Viruses,Mycobacterium phage Adjutor,"Mycobacterium phage Adjutor, complete genome",True
NC_005263,2883943,Viruses,Burkholderia phage Bcep1,"Burkholderia phage Bcep1, complete genome",True
NC_020204,1236000,Viruses,Klebsiella phage JD001,"Klebsiella phage JD001, complete genome",True
MH576960,2283246,Viruses,Gordonia phage Pleakley,"Gordonia phage Pleakley, complete genome",True
MK524529,2530141,Viruses,Mycobacterium phage Phoebus,"Mycobacterium phage Phoebus, complete genome",True
MH077584,2163597,Viruses,Mycobacterium phage Phish,"Mycobacterium phage Phish, complete genome",True
NC_019422,1204535,Viruses,Clostridium phage phiMMP04,"Clostridium phage phiMMP04, complete genome",True
NC_028941,1701849,Viruses,Mycobacterium phage Turj99,"Mycobacterium phage Turj99, complete genome",True
MK112534,2488965,Viruses,Mycobacterium phage Burrough,"Mycobacterium phage Burrough, complete genome",True
NC_028671,1747326,Viruses,Enterococcus phage vB_EfaS_IME197,"Enterococcus phage vB_EfaS_IME197, complete genome",True
NC_028746,1636257,Viruses,Paenibacillus phage Harrison,"Paenibacillus phage Harrison, complete genome",True
KU055616,1755681,Viruses,Mycobacterium phage Iracema64,"Mycobacterium phage Iracema64, complete genome",True
NC_028695,1701257,Viruses,Enterobacter phage phiEap-2,"Enterobacter phage phiEap-2, complete genome",True
NC_021303,1327775,Viruses,Mycobacterium phage SDcharge11,"Mycobacterium phage SDcharge11, complete genome",True
MH399787,2250386,Viruses,Mycobacterium phage Rubeelu,"Mycobacterium phage Rubeelu, complete genome",True
MH651173,2301699,Viruses,Mycobacterium phage Dixon,"Mycobacterium phage Dixon, complete genome",True
NC_023595,1416012,Viruses,Enterococcus phage IME_EF3,"Enterococcus phage IME_EF3, complete genome",True
JN698990,1089124,Viruses,Mycobacterium phage IsaacEli,"Mycobacterium phage IsaacEli, complete genome",True
NC_022771,1406785,Viruses,Bacillus phage Grass,"Bacillus phage Grass, complete genome",True
NC_023697,2902842,Viruses,Mycobacterium phage Babsiella,"Mycobacterium phage Babsiella, complete genome",True
NC_028826,1718158,Viruses,Enterococcus phage IME-EFm5,"Enterococcus phage IME-EFm5, complete genome",True
NC_010342,2914010,Viruses,Halomonas phage phiHAP-1,"Halomonas phage phiHAP-1, complete genome",True
MH479917,2250394,Viruses,Gordonia phage KimmyK,"Gordonia phage KimmyK, complete genome",True
NC_029316,1797140,Viruses,Acidianus tailed spindle virus,"Acidianus tailed spindle virus isolate 1, complete genome",True
MK359326,2502455,Viruses,Mycobacterium phage Pivoine,"Mycobacterium phage Pivoine, complete genome",True
KT184390,1674926,Viruses,Streptomyces phage Izzy,"Streptomyces phage Izzy, complete genome",True
MK524493,2530125,Viruses,Mycobacterium phage Darionha,"Mycobacterium phage Darionha, complete genome",True
NC_024358,1357732,Viruses,Anabaena phage A-4L,"Anabaena phage A-4L, complete genome",True
NC_011801,578234,Viruses,Lactobacillus phage Lv-1,"Lactobacillus phage Lv-1, complete genome",True
NC_016566,1109721,Viruses,Shigella phage EP23,"Shigella phage EP23, complete genome",True
MF919541,2041557,Viruses,Mycobacterium phage YassJohnny,"Mycobacterium phage YassJohnny, complete genome",True
NC_031067,1873889,Viruses,Mycobacterium phage Makemake,"Mycobacterium phage Makemake, complete genome",True
NC_028951,1582153,Viruses,Clostridium phage phiCD481-1,"Clostridium phage phiCD481-1, complete genome",True
NC_022065,1340833,Viruses,Mycobacterium phage Contagion,"Mycobacterium phage Contagion, complete genome",True
NC_015262,864178,Viruses,Clostridium phage phiCD6356,"Clostridium phage phiCD6356, complete genome",True
NC_028843,1698711,Viruses,Mycobacterium phage Lolly9,"Mycobacterium phage Lolly9, complete genome",True
NC_023698,2902841,Viruses,Mycobacterium phage Avani,"Mycobacterium phage Avani, complete genome",True
KR053200,1647474,Viruses,Gordonia phage GTE6,"Gordonia phage GTE6, complete genome",True
NC_021535,1327772,Viruses,Mycobacterium phage Jobu08,"Mycobacterium phage Jobu08, complete genome",True
NC_019726,1239383,Viruses,Staphylococcus phage JD007,"Staphylococcus phage JD007, complete genome",True
NC_011285,561999,Viruses,Mycobacterium phage Troll4,"Mycobacterium phage Troll4, complete genome",True
MH316567,2234031,Viruses,Mycobacterium phage ParkTD,"Mycobacterium phage ParkTD, complete genome",True
NC_018834,1229782,Viruses,Propionibacterium phage P9.1,"Propionibacterium phage P9.1, complete genome",True
MF324899,2015821,Viruses,Mycobacterium phage Lokk,"Mycobacterium phage Lokk, complete genome",True
MH045560,2126932,Viruses,Microbacterium phage Nagem,"Microbacterium phage Nagem, complete genome",True
JN020140,2847995,Viruses,Mycobacterium phage MrGordo,"Mycobacterium phage MrGordo, complete genome",True
MF919524,2041541,Viruses,Mycobacterium phage MISSy,"Mycobacterium phage MISSy, complete genome",True
JN243856,1056832,Viruses,Mycobacterium phage MeeZee,"Mycobacterium phage MeeZee, complete genome",True
MG515223,2053723,Viruses,Streptomyces phage WRightOn,"Streptomyces phage WRightOn, complete genome",True
NC_001942,75590,Viruses,Mycoplasma phage MAV1,"Mycoplasma phage MAV1, complete genome",True
NC_028854,1589755,Viruses,Paenibacillus phage Sitara,"Bacteriophage Sitara, complete genome",True
NC_025460,1498220,Viruses,Staphylococcus phage phiSa119,"Staphylococcus phage phiSa119, complete genome",True
GQ303259,663553,Viruses,Mycobacterium phage Colbert,"Mycobacterium phage Colbert, complete genome",True
NC_019421,1204534,Viruses,Clostridium phage phiMMP02,"Clostridium phage phiMMP02, complete genome",True
KY204245,1927024,Viruses,Mycobacterium phage Camperdownii,"Mycobacterium phage Camperdownii, complete genome",True
MF140426,2015867,Viruses,Arthrobacter phage Seume,"Arthrobacter phage Seume, complete genome",True
NC_021797,1327969,Viruses,Cellulophaga phage phi12:2,"Cellulophaga phage phi12:2, complete genome",True
MG925340,2099631,Viruses,Mycobacterium phage Corvo,"Mycobacterium phage Corvo, complete genome",True
KX589269,1882439,Viruses,Mycobacterium phage Fortunato,"Mycobacterium phage Fortunato, complete genome",True
NC_019918,1231048,Viruses,Pseudomonas phage vB_PaeM_C2-10_Ab1,Pseudomonas phage vB_PaeM_C2-10_Ab1 complete genome,True
MH155867,2182395,Viruses,Gordonia phage Easley,"Gordonia phage Easley, complete genome",True
MH576956,2283256,Viruses,Mycobacterium phage Inca,"Mycobacterium phage Inca, complete genome",True
NC_028795,1636314,Viruses,Enterobacter phage E-3,"Enterobacter phage E-3, complete genome",True
KP027195,1567467,Viruses,Mycobacterium phage Cosmo,"Mycobacterium phage Cosmo, complete genome",True
MH834605,2419950,Viruses,Arthrobacter phage Constance,"Arthrobacter phage Constance, complete genome",True
NC_030917,1838074,Viruses,Gordonia phage OneUp,"Gordonia phage OneUp, complete genome",True
MH779510,2315533,Viruses,Gordonia phage Kurt,"Gordonia phage Kurt, complete genome",True
NC_030915,1838075,Viruses,Gordonia phage Orchid,"Gordonia phage Orchid, complete genome",True
NC_021063,1305710,Viruses,Mycobacterium phage FF47,"Mycobacterium phage vB_MapS_FF47, complete genome",True
NC_028678,1739967,Viruses,Mycobacterium phage Cabrinians,"Mycobacterium phage Cabrinians, complete genome",True
NC_019455,483266,Viruses,Haemophilus phage SuMu,"Haemophilus phage SuMu, complete genome",True
NC_004746,201847,Viruses,Lactococcus phage 4268,"Lactococcus bacteriophage 4268, complete genome",True
MG099948,2047843,Viruses,Mycobacterium phage Philonius,"Mycobacterium phage Philonius, complete genome",True
NC_017688,2892347,Viruses,Lactococcus phage ASCC191,"Lactococcus phage ASCC191, complete genome",True
NC_016770,1105171,Viruses,Bacteroides phage B124-14,"Bacteroides phage B124-14, complete genome",True
MH509445,2250294,Viruses,Mycobacterium phage Cborch11,"Mycobacterium phage Cborch11, complete genome",True
MH910040,2419614,Viruses,Mycobacterium phage Sauce,"Mycobacterium phage Sauce, complete genome",True
NC_015271,866889,Viruses,Salmonella phage Vi06,Salmonella phage Vi06 complete sequence,True
JQ300538,1147141,Viruses,Mycobacterium phage Spartacus,"Mycobacterium phage Spartacus, complete genome",True
NC_014459,2919554,Viruses,Mycobacterium phage CrimD,"Mycobacterium phage CrimD, complete genome",True
NC_019928,1208236,Viruses,Helicobacter phage KHP30,"Helicobacter phage KHP30 DNA, complete genome",True
NC_020414,979726,Viruses,Escherichia phage UAB_Phi78,"Salmonella phage UAB_Phi78, complete genome",True
MK061413,2488780,Viruses,Arthrobacter phage Liebe,"Arthrobacter phage Liebe, complete genome",True
KJ433975,1463810,Viruses,Mycobacterium phage 40BC,"Mycobacterium phage 40BC, complete genome",True
NC_015466,562742,Viruses,Roseobacter phage RDJL Phi 1,"Roseobacter phage RDJL Phi 1, complete genome",True
NC_018284,2922989,Viruses,Staphylococcus phage vB_SepiS-phiIPLA7,"Staphylococcus phage vB_SepiS-phiIPLA7, complete genome",True
NC_020860,756280,Viruses,Cellulophaga phage phiSM,Cellulophaga phage phiSM genomic sequence,True
NC_021349,1327762,Viruses,Mycobacterium phage Astraea,"Mycobacterium phage Astraea, complete genome",True
NC_004827,230158,Viruses,Haemophilus phage Aaphi23,"Bacteriophage Aaphi23, complete genome",True
NC_031029,1887645,Viruses,Gordonia phage Cucurbita,"Gordonia phage Cucurbita, complete genome",True
NC_014595,645664,Viruses,Shigella phage SP18,"Shigella phage SP18, complete genome",True
NC_007217,326574,Viruses,Haloarcula hispanica SH1 virus,"Haloarcula phage SH1, complete genome",True
MH371121,2250365,Viruses,Mycobacterium phage Phranny,"Mycobacterium phage Phranny, complete genome",True
NC_030944,1838067,Viruses,Gordonia phage Demosthenes,"Gordonia phage Demosthenes, complete genome",True
NC_023503,1392231,Viruses,Streptococcus phage 20617,Streptococcus phage 20617 complete prophage genome,True
NC_022791,1267169,Viruses,Streptococcus phage phiBHN167,Streptococcus phage phiBHN167 complete genome,True
NC_024381,1476390,Viruses,Pseudomonas phage vB_PaeS_SCH_Ab26,"Pseudomonas phage vB_PaeS_SCH_Ab26, complete genome",True
NC_022967,1348912,Viruses,Pseudomonas phage PAK_P2,"Pseudomonas phage PAK_P2, complete genome",True
MF155946,2023959,Viruses,Streptomyces phage Mildred21,"Streptomyces phage Mildred21, complete genome",True
MH976511,2483669,Viruses,Gordonia phage Gaea,"Gordonia phage Gaea, complete genome",True
NC_028747,1698358,Viruses,Mycobacterium phage Brusacoram,"Mycobacterium phage Brusacoram, complete genome",True
NC_030951,1567016,Viruses,Clostridium phage phiCTC2B,"Clostridium phage phiCTC2B, complete genome",True
MH697590,2301555,Viruses,Mycobacterium phage Phlegm,"Mycobacterium phage Phlegm, complete genome",True
KX712238,1930080,Viruses,Mycobacterium phage Zephyr,"Mycobacterium phage Zephyr, complete genome",True
MH316565,2234030,Viruses,Mycobacterium phage Mortcellus,"Mycobacterium phage Mortcellus, complete genome",True
KU998244,1838078,Viruses,Gordonia phage Smoothie,"Gordonia phage Smoothie, complete genome",True
NC_010391,128975,Viruses,Salmonella phage Fels-1,"Salmonella phage Fels-1, complete genome",True
MH744422,2315615,Viruses,Mycobacterium phage Roots515,"Mycobacterium phage Roots515, complete genome",True
MK279861,2499046,Viruses,Mycobacterium phage Legolas,"Mycobacterium phage Legolas, complete genome",True
JQ684677,1161934,Viruses,Mycobacterium phage Tiger,"Mycobacterium phage Tiger, complete genome",True
NC_028928,1647308,Viruses,Mycobacterium phage Nerujay,"Mycobacterium phage Nerujay, complete genome",True
KX574455,1897543,Viruses,Mycobacterium phage Pomar16,"Mycobacterium phage Pomar16, complete genome",True
MG757162,2079422,Viruses,Mycobacterium phage Opia,"Mycobacterium phage Opia, complete genome",True
NC_030920,1776293,Viruses,Bacillus phage Eldridge,"Bacillus phage Eldridge, complete genome",True
NC_013698,686439,Viruses,Clavibacter phage CMP1,"Clavibacter phage CMP1, complete genome",True
KJ567045,1486470,Viruses,Mycobacterium phage Emerson,"Mycobacterium phage Emerson, complete genome",True
NC_025471,1527515,Viruses,Idiomarinaceae phage Phi1M2-2,"Idiomarinaceae phage Phi1M2-2, complete genome",True
NC_027397,1558469,Viruses,Vibrio phage QH,"Vibrio phage QH, complete genome",True
NC_027991,694060,Viruses,Staphylococcus phage SA1,"UNVERIFIED_ORG: Staphylococcus phage SA1, complete genome",True
NC_028672,1684115,Viruses,Cronobacter phage PBES 02,"Cronobacter phage PBES 02, complete genome",True
NC_031034,1837830,Viruses,Bacillus phage SalinJah,"Bacillus phage SalinJah, complete genome",True
NC_013643,673835,Viruses,Enterococcus phage phiFL2A,"Enterococcus phage phiFL2A, complete genome",True
MH316563,2234028,Viruses,Mycobacterium phage Hookmount,"Mycobacterium phage Hookmount, complete genome",True
MH399789,2250368,Viruses,Arthrobacter phage Tatanka,"Arthrobacter phage Tatanka, complete genome",True
NC_018838,1229790,Viruses,Propionibacterium phage P100_A,"Propionibacterium phage P100_A, complete genome",True
NC_026421,10371,Viruses,Equid gammaherpesvirus 5,"Equid herpesvirus 5 strain 2-141/67, complete genome",True
KX523125,1873892,Viruses,Mycobacterium phage BuzzBuzz,"Mycobacterium phage BuzzBuzz, complete genome",True
MK359341,2502447,Viruses,Mycobacterium phage GingkoMaracino,"Mycobacterium phage GingkoMaracino, complete genome",True
KR337653,1655018,Viruses,Propionibacterium phage Pirate,"Propionibacterium phage Pirate, complete genome",True
NC_001825,10747,Viruses,Streptococcus phage Cp1,"Streptococcus phage Cp-1, complete genome",True
KJ595575,1486404,Viruses,Mycobacterium phage Willis,"Mycobacterium phage Willis, complete genome",True
MK524506,2341047,Viruses,Mycobacterium phage Zeuska,"Mycobacterium phage Zeuska, complete genome",True
MK305885,2500788,Viruses,Gordonia phage Mulch,"Gordonia phage Mulch, complete genome",True
NC_004084,114777,Viruses,Natrialba phage PhiCh1,"Natrialba phage PhiCh1, complete genome",True
MK460248,2510588,Viruses,Streptomyces phage Teutsch,"Streptomyces phage Teutsch, complete genome",True
NC_002700,154784,Viruses,Acinetobacter phage AP205,"Acinetobacter phage AP205, complete genome",True
NC_024787,1486413,Viruses,Listeria phage LMTA-148,"Listeria phage LMTA-148, complete genome",True
NC_024366,1486473,Viruses,Mycobacterium phage OkiRoe,"Mycobacterium phage OkiRoe, complete genome",True
NC_023865,1399915,Viruses,Pectobacterium phage PM1,"Pectobacterium phage PM1, complete genome",True
NC_028764,1582154,Viruses,Clostridium phage phiCD505,"Clostridium phage phiCD505, complete genome",True
NC_020483,1283079,Viruses,Pelagibacter phage HTVC019P,"Pelagibacter phage HTVC019P, complete genome",True
NC_031245,1792032,Viruses,Bacillus phage SP-15,"Bacillus phage SP-15, complete genome",True
NC_018857,1136731,Viruses,Bacillus phage BPS13,"Bacillus phage BPS13, complete genome",True
NC_024697,1474867,Viruses,Aureococcus anophagefferens virus,"Aureococcus anophagefferens virus isolate BtV-01, complete genome",True
NC_027342,1357704,Viruses,Proteus phage PM16,"Proteus phage PM16, complete genome",True
NC_029033,1610509,Viruses,Achromobacter phage phiAxp-1,"Achromobacter phage phiAxp-1, complete genome",True
MH399781,2250369,Viruses,Gordonia phage Nadeem,"Gordonia phage Nadeem, complete genome",True
MH651184,2301711,Viruses,Mycobacterium phage Phareon,"Mycobacterium phage Phareon, complete genome",True
NC_014661,760732,Viruses,Acinetobacter phage Acj61,"Acinetobacter phage Acj61, complete genome",True
NC_005340,2907836,Viruses,Salmonella phage PSP3,"Enterobacteria phage PsP3, complete genome",True
NC_029032,1391455,Viruses,Phormidium phage MIS-PhV1A,"MAG: Phormidium phage MIS-PhV1A, complete genome",True
NC_021320,2847107,Viruses,Halorubrum tailed phage 5,"Halorubrum tailed phage 5, complete genome",True
NC_023591,1327959,Viruses,Mycobacterium phage Adler,"Mycobacterium phage Adler, complete genome",True
NC_019929,1029988,Viruses,Erwinia phage phiEaH2,"Erwinia phage phiEaH2, complete genome",True
NC_025439,1536592,Viruses,Idiomarinaceae phage 1N2-2,"Idiomarinaceae phage 1N2-2, complete genome",True
KU984914,1821720,Viruses,Mycobacterium phage Malinsilva,"Mycobacterium phage Malinsilva, complete genome",True
MF919497,2041523,Viruses,Mycobacterium phage Chance64,"Mycobacterium phage Chance64, complete genome",True
MH976519,2483675,Viruses,Gordonia phage Tangent,"Gordonia phage Tangent, complete genome",True
MH976507,2483665,Viruses,Gordonia phage Ailee,"Gordonia phage Ailee, complete genome",True
NC_015250,2919552,Viruses,Acinetobacter phage 133,"Acinetobacter phage 133 strain Acj133, complete genome",True
MK279862,2499007,Viruses,Arthrobacter phage Lennox,"Arthrobacter phage Lennox, complete genome",True
NC_005258,236750,Viruses,Bacillus phage Bam35c,"Bacillus phage Bam35c, complete genome",True
NC_011756,582382,Viruses,Pseudomonas phage SN,"Pseudomonas phage SN, complete genome",True
MH001448,2108132,Viruses,Mycobacterium phage UncleRicky,"Mycobacterium phage UncleRicky, complete genome",True
NC_023597,1458726,Viruses,Mycobacterium phage 20ES,"Mycobacterium phage 20ES, complete genome",True
MH155880,2182407,Viruses,Streptomyces phage SendItCS,"Streptomyces phage SendItCS, complete genome",True
GU247134,701455,Viruses,Mycobacterium phage Scoot17C,"Mycobacterium phage Scoot17C, complete genome",True
MH045557,2126926,Viruses,Microbacterium phage BurtonThePup,"Microbacterium phage BurtonThePup, complete genome",True
NC_028832,1541819,Viruses,Mycobacterium phage Omnicron,"Mycobacteriophage Omnicron, complete genome",True
NC_029102,1636313,Viruses,Enterobacter phage E-2,"Enterobacter phage E-2, complete genome",True
NC_020489,1131316,Viruses,Rhodobacter phage RcapNL,"Rhodobacter phage RcapNL, complete genome",True
NC_023714,1074307,Viruses,Mycobacterium phage LinStu,"Mycobacterium phage LinStu, complete genome",True
NC_029106,1664246,Viruses,Achromobacter phage phiAxp-2,"Achromobacter phage phiAxp-2, complete genome",True
NC_024359,1173764,Viruses,Listeria phage LP-048,"Listeria phage LP-048, complete genome",True
KM588359,1555233,Viruses,Mycobacterium phage Carcharodon,"Mycobacterium phage Carcharodon, complete genome",True
NC_023725,1088866,Viruses,Mycobacterium phage Nappy,"Mycobacterium phage Nappy, complete genome",True
KX369585,1873890,Viruses,Mycobacterium phage PhatCats2014,"Mycobacterium phage PhatCats2014, complete genome",True
NC_028969,1691955,Viruses,Brevibacillus phage Osiris,"Brevibacillus phage Osiris, complete genome",True
MH450119,2250421,Viruses,Mycobacterium phage Kalnoky,"Mycobacterium phage Kalnoky, complete genome",True
JF937099,2922210,Viruses,Mycobacterium phage JC27,"Mycobacterium phage JC27, complete genome",True
KY385382,1933691,Viruses,Mycobacterium phage ImtiyazSitla,"Mycobacterium phage ImtiyazSitla, complete genome",True
NC_031127,1883373,Viruses,Erwinia phage vB_EamM_Huxley,"Erwinia phage vB_EamM_Huxley, complete genome",True
MH744425,2315617,Viruses,Mycobacterium phage Wamburgrxpress,"Mycobacterium phage Wamburgrxpress, complete genome",True
NC_023694,691964,Viruses,Rhodococcus phage ReqiPoco6,"Rhodococcus phage ReqiPoco6, complete genome",True
MG925348,2099636,Viruses,Mycobacterium phage Megatron,"Mycobacterium phage Megatron, complete genome",True
NC_007046,320832,Viruses,Staphylococcus phage 66,"Staphylococcus phage 66, complete genome",True
NC_028689,663553,Viruses,Mycobacterium phage Colbert,"Mycobacterium phage Colbert, complete genome",True
NC_022984,1429912,Viruses,Mycobacterium phage Jovo,"Mycobacterium phage Jovo, complete genome",True
NC_026604,1527463,Viruses,Mycobacterium phage Cerasum,"Mycobacterium phage Cerasum, complete genome",True
NC_028785,1679530,Viruses,Mycobacterium phage NelitzaMV,"Mycobacterium phage NelitzaMV, complete genome",True
NC_031096,1873959,Viruses,Pectobacterium phage PP90,"Pectobacterium phage PP90, complete genome",True
KR053199,1647471,Viruses,Gordonia phage GMA4,"Gordonia phage GMA4, complete genome",True
MK376959,2507860,Viruses,Gordonia phage Aphelion,"Gordonia phage Aphelion, complete genome",True
MK016492,2484205,Viruses,Gordonia phage Bialota,"Gordonia phage Bialota, complete genome",True
NC_028895,1589298,Viruses,Vibrio phage phi 3,"Vibrio phage phi 3, complete genome",True
MF141539,2024303,Viruses,Mycobacterium phage MyraDee,"Mycobacterium phage MyraDee, complete genome",True
MK279848,2499023,Viruses,Gordonia phage Dorito,"Gordonia phage Dorito, complete genome",True
NC_020857,889954,Viruses,Cyanophage MED4-117,Cyanophage MED4-117 genomic sequence,True
MH271318,2201431,Viruses,Gordonia phage Trine,"Gordonia phage Trine, complete genome",True
KT365397,1701799,Viruses,Mycobacterium phage Maverick,"Mycobacterium phage Maverick, complete genome",True
NC_028874,1718171,Viruses,Mycobacterium phage Pari,"Mycobacterium phage Pari, complete genome",True
NC_027295,1500830,Viruses,Propionibacterium phage PHL199M00,"Propionibacterium phage PHL199M00, complete genome",True
NC_029099,1129191,Viruses,Klebsiella phage KP36,"Klebsiella phage KP36, complete genome",True
MH271304,2201437,Viruses,Microbacterium phage Metamorphoo,"Microbacterium phage Metamorphoo, complete genome",True
KX580962,1897507,Viruses,Mycobacterium phage Wilder,"Mycobacterium phage Wilder, complete genome",True
JN699003,1089113,Viruses,Mycobacterium phage Athena,"Mycobacterium phage Athena, complete genome",True
NC_001418,10872,Viruses,Pseudomonas phage Pf3,"Pseudomonas phage Pf3, complete genome",True
MH825708,2315712,Viruses,Mycobacterium phage NearlyHeadless,"Mycobacterium phage NearlyHeadless, complete genome",True
MH316568,2234032,Viruses,Mycobacterium phage Phleuron,"Mycobacterium phage Phleuron, complete genome",True
MH779517,2315547,Viruses,Mycobacterium phage Zulu,"Mycobacterium phage Zulu, complete genome",True
MK279885,2499063,Viruses,Mycobacterium phage Surely,"Mycobacterium phage Surely, complete genome",True
KC661271,1327769,Viruses,Mycobacterium phage Dhanush,"Mycobacterium phage Dhanush, complete genome",True
MK279899,2499009,Viruses,Arthrobacter phage Maja,"Arthrobacter phage Maja, complete genome",True
KU160647,1772299,Viruses,Arthrobacter phage Gorgeous,"Arthrobacter phage Gorgeous, complete genome",True
NC_018836,1204524,Viruses,Streptomyces phage phiHau3,"Streptomyces phage phiHau3, complete genome",True
NC_009552,447909,Viruses,Geobacillus virus E2,"Geobacillus virus E2, complete genome",True
NC_015938,1054968,Viruses,Salmonella phage 7-11,"Salmonella phage 7-11, complete genome",True
NC_022972,1414742,Viruses,Arthrobacter phage vB_ArS-ArV2,"Arthrobacter phage vB_ArS-ArV2, complete genome",True
MK433260,2510518,Viruses,Streptomyces phage Namo,"Streptomyces phage Namo, complete genome",True
NC_027401,1500814,Viruses,Propionibacterium phage PHL095N00,"Propionibacterium phage PHL095N00, complete genome",True
MG099950,2047828,Viruses,Arthrobacter phage Waltz,"Arthrobacter phage Waltz, complete genome",True
MH020241,2126808,Viruses,Gordonia phage Fenry,"Gordonia phage Fenry, complete genome",True
MH479916,2250403,Viruses,Mycobacterium phage GeneCoco,"Mycobacterium phage GeneCoco, complete genome",True
MH479921,2250407,Viruses,Mycobacterium phage Placalicious,"Mycobacterium phage Placalicious, complete genome",True
MH051247,2126945,Viruses,Mycobacterium phage Annyong,"Mycobacterium phage Annyong, complete genome",True
MH155866,2182394,Viruses,Mycobacterium phage Byougenkin,"Mycobacterium phage Byougenkin, complete genome",True
KU867906,1818374,Viruses,Mycobacterium phage Romney,"Mycobacterium phage Romney, complete genome",True
MH077580,2163593,Viruses,Mycobacterium phage Melissauren88,"Mycobacterium phage Melissauren88, complete genome",True
JX015524,2902840,Viruses,Mycobacterium phage Astro,"Mycobacterium phage Astro, complete genome",True
NC_031128,1868654,Viruses,Salmonella phage vB-SalM-PM10,"Salmonella phage vB_SalM_PM10, complete genome",True
MH045567,2126929,Viruses,Microbacterium phage Elva,"Microbacterium phage Elva, complete genome",True
NC_004462,1714273,Viruses,Thermus virus IN93,"Thermus thermophilus phage IN93, complete genome",True
NC_022059,1357669,Viruses,Mycobacterium phage DrDrey,"Mycobacterium phage DrDrey, complete genome",True
MH576971,2283250,Viruses,Mycobacterium phage Arlo,"Mycobacterium phage Arlo, complete genome",True
MH651166,2301695,Viruses,Gordonia phage Angelicage,"Gordonia phage Angelicage, complete genome",True
NC_006883,268746,Viruses,Prochlorococcus phage P-SSM2,"Prochlorococcus phage P-SSM2, complete genome",True
NC_021861,1229751,Viruses,Lactococcus phage BM13,"Lactococcus phage BM13, complete genome",True
NC_031013,1871678,Viruses,Lactococcus phage 28201,"Lactococcus phage 28201, complete genome",True
MK524527,2530152,Viruses,Mycobacterium phage ThreeRngTarjay,"Mycobacterium phage ThreeRngTarjay, complete genome",True
NC_017984,1187128,Viruses,Acinetobacter phage AP22,"Acinetobacter bacteriophage AP22, complete genome",True
NC_022747,1341101,Viruses,Vibrio phage VPUSM 8,"Vibrio phage VPUSM 8, complete genome",True
NC_009803,2914006,Viruses,Thermus phage P23-45,"Thermus phage P23-45, complete genome",True
JN391441,1070989,Viruses,Mycobacterium phage Elph10,"Mycobacterium phage Elph10, complete genome",True
NC_003313,2905721,Viruses,Bacteriophage K139,"Vibrio phage K139, complete genome",True
NC_023718,1080237,?,?,"Pseudomonas phage phi_Pto-bp6g, complete genome",False
NC_031011,1863009,Viruses,Shigella phage SHFML-26,"Shigella phage SHFML-26, complete genome",True
KU252585,1777061,Viruses,Gordonia phage Howe,"Gordonia phage Howe, complete genome",True
NC_028905,1582150,Viruses,Clostridium phage phiCD111,"Clostridium phage phiCD111, complete genome",True
MG839017,2079579,Viruses,Microbacterium phage Baines,"Microbacterium phage Baines, complete genome",True
NC_024147,1486427,Viruses,Mycobacterium phage ZoeJ,"Mycobacterium phage ZoeJ, complete genome",True
NC_031116,1805956,Viruses,Bacillus phage Zuko,"Bacillus phage Zuko, complete genome",True
MH669012,2301570,Viruses,Mycobacterium phage QuickMath,"Mycobacterium phage QuickMath, complete genome",True
MH697584,2301543,Viruses,Mycobacterium phage FrenchFry,"Mycobacterium phage FrenchFry, complete genome",True
NC_015453,504553,Viruses,Propionibacterium phage PAS50,"Propionibacterium phage PAS50 endogenous virus, complete genome",True
NC_030694,1838077,Viruses,Gordonia phage Rosalind,"Gordonia phage Rosalind, complete genome",True
NC_021801,1347760,Viruses,Staphylococcus phage SA12,"Staphylococcus phage SA12, complete genome",True
MF919521,2041514,Viruses,Gordonia phage Lysidious,"Gordonia phage Lysidious, complete genome",True
MG944224,2099451,Viruses,Mycobacterium phage Wander,"Mycobacterium phage Wander, complete genome",True
NC_029042,1654891,Viruses,Salmonella phage 38,"Salmonella phage 38, complete genome",True
KX620748,1897531,Viruses,Propionibacterium phage Anatole,"Propionibacterium phage Anatole, complete genome",True
MF155947,2023958,Viruses,Mycobacterium phage LemonSlice,"Mycobacterium phage LemonSlice, complete genome",True
NC_025433,1204515,Viruses,Mycobacterium phage Taj,"Mycobacteriophage Taj, complete genome",True
MK359323,2502441,Viruses,Mycobacterium phage Baby16,"Mycobacterium phage Baby16, complete genome",True
NC_028879,1175662,Viruses,Pseudomonas phage PaMx42,"Pseudomonas phage PaMx42, complete genome",True
KY385381,1933770,Viruses,Mycobacterium phage EniyanLRS,"Mycobacterium phage EniyanLRS, complete genome",True
NC_013600,673375,Viruses,Sodalis phage SO-1,"Sodalis phage SO-1, complete genome",True
MH834613,2419978,Viruses,Mycobacterium phage Fowlmouth,"Mycobacterium phage Fowlmouth, complete genome",True
MK112551,2488976,Viruses,Mycobacterium phage Riggan,"Mycobacterium phage Riggan, complete genome",True
NC_028862,1674930,Viruses,Staphylococcus phage vB_SauS_phi2,"Staphylococcus phage vB_SauS_phi2, complete genome",True
MG925346,2099634,Viruses,Mycobacterium phage LeeLot,"Mycobacterium phage LeeLot, complete genome",True
KU647629,1796994,Viruses,Arthrobacter phage BarretLemon,"Arthrobacter phage BarretLemon, complete genome",True
KU998246,1838065,Viruses,Gordonia phage ClubL,"Gordonia phage ClubL, complete genome",True
MH727547,2301602,Viruses,Gordonia phage Foxboro,"Gordonia phage Foxboro, complete genome",True
MG845393,2079397,Viruses,Gordonia phage Beenie,"Gordonia phage Beenie, complete genome",True
NC_011811,557393,Viruses,Erwinia phage phiEa21-4,"Erwinia phage phiEa21-4, complete genome",True
NC_028667,1743016,Viruses,Pseudomonas phage vB_PaeS_PM105,Pseudomonas phage vB_PaeS_PM105,True
MK524504,2530130,Viruses,Mycobacterium phage Hughesyang,"Mycobacterium phage Hughesyang, complete genome",True
MF140406,2015879,Viruses,Mycobacterium phage DarthP,"Mycobacterium phage DarthP, complete genome",True
KX702320,1897425,Viruses,Mycobacterium phage Bigfoot,"Mycobacterium phage Bigfoot, complete genome",True
MH727562,2301620,Viruses,Mycobacterium phage VasuNzinga,"Mycobacterium phage VasuNzinga, complete genome",True
MF541409,2024292,Viruses,Streptomyces phage Oliynyk,"Streptomyces phage Oliynyk, complete genome",True
NC_031045,1868169,Viruses,Salmonella phage GG32,"Salmonella phage GG32, complete genome",True
MG872838,2081625,Viruses,Mycobacterium phage JangDynasty,"Mycobacterium phage JangDynasty, complete genome",True
KX507344,1873995,Viruses,Streptomyces phage Godpower,"Streptomyces phage Godpower, complete genome",True
NC_031063,1837850,Viruses,Pseudomonas phage PEV2,"Pseudomonas phage PEV2, complete genome",True
MH727559,2301618,Viruses,Mycobacterium phage Samty,"Mycobacterium phage Samty, complete genome",True
MH338239,2234077,Viruses,Mycobacterium phage Mryolo,"Mycobacterium phage Mryolo, complete genome",True
NC_031237,1821559,Viruses,Gordonia phage Obliviate,"Gordonia phage Obliviate, complete genome",True
JX649098,1235692,Viruses,Mycobacterium phage Nacho,"Mycobacterium phage Nacho, complete genome",True
NC_028742,1647306,Viruses,Mycobacterium phage Baee,"Mycobacterium phage Baee, complete genome",True
NC_007066,2908166,Viruses,Staphylococcus phage G1,"Staphylococcus phage G1, complete genome",True
MK112537,2488958,Viruses,Mycobacterium phage Capricorn,"Mycobacterium phage Capricorn, complete genome",True
NC_024782,1391190,Viruses,Pseudomonas phage MP48,"Pseudomonas phage MP48, complete genome",True
NC_009018,423476,Viruses,Streptococcus phage phi3396,"Streptococcus phage phi3396, complete genome",True
MK279901,2499013,Viruses,Arthrobacter phage Potatoes,"Arthrobacter phage Potatoes, complete genome",True
KX636165,1891963,Viruses,Mycobacterium phage Gengar,"Mycobacterium phage Gengar, complete genome",True
MK284522,2500574,Viruses,Mycobacterium phage Malec,"Mycobacterium phage Malec, complete genome",True
MH338234,2234072,Viruses,Mycobacterium phage Crucio,"Mycobacterium phage Crucio, complete genome",True
NC_001909,2898539,Viruses,Lactococcus phage bIL170,"Lactococcus phage bIL170, complete genome",True
KX458236,1873449,Viruses,Mycobacterium phage Wilbur,"Mycobacterium phage Wilbur, complete genome",True
KU160667,1772317,Viruses,Arthrobacter phage Stratus,"Arthrobacter phage Stratus, complete genome",True
MH316566,2234025,Viruses,Gordonia phage Nedarya,"Gordonia phage Nedarya, complete genome",True
NC_005069,172667,Viruses,Yersinia phage PY54,"Yersinia phage PY54, complete genome",True
NC_015252,764561,Viruses,Brochothrix phage NF5,"Brochothrix phage NF5, complete genome",True
MH727553,2301615,Viruses,Mycobacterium phage LittleLaf,"Mycobacterium phage LittleLaf, complete genome",True
KX648391,1897497,Viruses,Mycobacterium phage Tortellini,"Mycobacterium phage Tortellini, complete genome",True
NC_010325,484895,Viruses,Bruynoghevirus LUZ24,"Pseudomonas phage LUZ24, complete genome",True
MG925343,2099624,Viruses,Microbacterium phage Golden,"Microbacterium phage Golden, complete genome",True
NC_013585,693629,Viruses,Betafusellovirus yellowstonense,"Acidianus spindle-shaped virus 1, complete genome",True
NC_030904,1775140,Viruses,Bacillus phage vB_BhaS-171,"Bacillus phage vB_BhaS-171, complete genome",True
KX576641,1897761,Viruses,Arthrobacter phage Lucy,"Arthrobacter phage Lucy, complete genome",True
MK279871,2499051,Viruses,Mycobacterium phage Plmatters,"Mycobacterium phage Plmatters, complete genome",True
KP017310,1567451,Viruses,Mycobacterium phage Phoxy,"Mycobacterium phage Phoxy, complete genome",True
KT246486,1698366,Viruses,Mycobacterium phage Chadwick,"Mycobacterium phage Chadwick, complete genome",True
MG925342,2099632,Viruses,Mycobacterium phage Forsytheast,"Mycobacterium phage Forsytheast, complete genome",True
NC_031247,1821551,Viruses,Gordonia phage BetterKatz,"Gordonia phage BetterKatz, complete genome",True
MK310141,2500803,Viruses,Mycobacterium phage Fenn,"Mycobacterium phage Fenn, complete genome",True
NC_027985,663560,Viruses,Mycobacterium phage UncleHowie,"Mycobacterium phage UncleHowie, complete genome",True
JN699625,1088867,Viruses,Mycobacterium phage Wally,"Mycobacterium phage Wally, complete genome",True
JN699014,1089130,Viruses,Mycobacterium phage Nova,"Mycobacterium phage Nova, complete genome",True
MH479923,2250395,Viruses,Gordonia phage RobinSparkles,"Gordonia phage RobinSparkles, complete genome",True
MH230877,2178921,Viruses,Mycobacterium phage NorthStar,"Mycobacterium phage NorthStar, complete genome",True
NC_004584,198538,Viruses,Streptococcus phage 315.1,"Streptococcus prophage 315.1, complete genome",True
MK279878,2499058,Viruses,Mycobacterium phage Samaymay,"Mycobacterium phage Samaymay, complete genome",True
NC_015157,979525,Viruses,Vibrio phage ICP1,"Vibrio phage ICP1, complete genome",True
MG757164,2079423,Viruses,Mycobacterium phage PhenghisKhan,"Mycobacterium phage PhenghisKhan, complete genome",True
KU998247,1838061,Viruses,Gordonia phage Bachita,"Gordonia phage Bachita, complete genome",True
NC_022086,1340818,Viruses,Mycobacterium phage LittleCherry,"Mycobacterium phage LittleCherry, complete genome",True
NC_007809,2911432,Viruses,Pseudomonas phage M6,"Pseudomonas phage M6, complete genome",True
MH576962,2283264,Viruses,Streptomyces phage Satis,"Streptomyces phage Satis, complete genome",True
MH450133,2250428,Viruses,Mycobacterium phage SwissCheese,"Mycobacterium phage SwissCheese, complete genome",True
MH450128,2250426,Viruses,Mycobacterium phage Reba,"Mycobacterium phage Reba, complete genome",True
JF957059,2922218,Viruses,Mycobacterium phage Optimus,"Mycobacterium phage Optimus, complete genome",True
NC_021324,1327035,Viruses,Mycobacterium phage CASbig,"Mycobacterium phage CASbig, complete genome",True
NC_027355,1129192,Viruses,Bacillus phage BCP8-2,"Bacillus phage BCP8-2, complete genome",True
MH399777,2250379,Viruses,Mycobacterium phage Houdini22,"Mycobacterium phage Houdini22, complete genome",True
MK376957,2507858,Viruses,Gordonia phage Duffington,"Gordonia phage Duffington, complete genome",True
MK308637,2500787,Viruses,Microbacterium phage Schubert,"Microbacterium phage Schubert, complete genome",True
KU985094,1821721,Viruses,Mycobacterium phage Burger,"Mycobacterium phage Burger, complete genome",True
NC_028804,1675548,Viruses,Mycobacterium phage Barriga,"Mycobacterium phage Barriga, complete genome",True
NC_020480,2884419,Viruses,Bacillus phage Finn,"Bacillus phage Finn, complete genome",True
MK359345,2502469,Viruses,Mycobacterium phage QBert,"Mycobacterium phage QBert, complete genome",True
MH651180,2301709,Viruses,Mycobacterium phage Maroc7,"Mycobacterium phage Maroc7, complete genome",True
MH697593,2301545,Viruses,Mycobacterium phage Tapioca,"Mycobacterium phage Tapioca, complete genome",True
NC_025440,1541821,Viruses,Listeria phage WIL-1,"Listeria phage WIL-1, complete genome",True
MK524510,2530118,Viruses,Microbacterium phage Fireman,"Microbacterium phage Fireman, complete genome",True
NC_025417,1262512,Viruses,Staphylococcus phage Team1,"Staphylococcus phage Team1, complete genome",True
MF373842,2015812,Viruses,Rhodococcus phage Jester,"Rhodococcus phage Jester, complete genome",True
JF704112,1034146,Viruses,Mycobacterium phage Send513,"Mycobacterium phage Send513, complete sequence",True
MK524486,2530155,Viruses,Mycobacterium phage Waleliano,"Mycobacterium phage Waleliano, complete genome",True
MF140401,2015855,Viruses,Arthrobacter phage Caterpillar,"Arthrobacter phage Caterpillar, complete genome",True
NC_030925,1796992,Viruses,Bacillus phage Shbh1,"Bacillus phage Shbh1, complete genome",True
KX620753,1897536,Viruses,Propionibacterium phage E6,"Propionibacterium phage E6, complete genome",True
NC_016767,1131315,Viruses,Erwinia phage PEp14,"Erwinia phage PEp14, complete genome",True
NC_027370,1500828,Viruses,Propionibacterium phage PHL179M00,"Propionibacterium phage PHL179M00, complete genome",True
NC_028852,1555201,Viruses,Mycobacterium phage Equemioh13,"Mycobacterium phage Equemioh13, complete genome",True
NC_018277,1118063,Viruses,Staphylococcus phage SpaA1,"Staphylococcus phage SpaA1, complete genome",True
NC_021562,1340745,Viruses,Vibrio phage VFJ,"Vibrio phage VFJ, complete genome",True
MH825711,2315702,Viruses,Arthrobacter phage Tenno,"Arthrobacter phage Tenno, complete genome",True
NC_019488,929814,Viruses,Salmonella phage RE2010,"Salmonella phage RE-2010, complete genome",True
KP027208,1567474,Viruses,Mycobacterium phage Pipsqueak,"Mycobacterium phage Pipsqueak, complete genome",True
NC_019512,1154995,Viruses,Helicobacter phage 1961P,"Helicobacter phage 1961P, complete genome",True
NC_024206,1416334,Viruses,Lactobacillus phage phi jlb1,"Lactobacillus phage phi jlb1, complete genome",True
MF189175,2024279,Viruses,Arthrobacter phage Tribby,"Arthrobacter phage Tribby, complete genome",True
KM652553,1556289,Viruses,Mycobacterium phage CaptainTrips,"Mycobacterium phage CaptainTrips, complete genome",True
MK359330,2502459,Viruses,Mycobacterium phage Iota,"Mycobacterium phage Iota, complete genome",True
MH779503,2315538,Viruses,Mycobacterium phage Gemini,"Mycobacterium phage Gemini, complete genome",True
KY676783,1965451,Viruses,Mycobacterium phage Chorkpop,"Mycobacterium phage Chorkpop, complete genome",True
NC_002661,2952367,Viruses,Staphylococcus phage phiSLT,"Staphylococcus phage phiSLT, complete genome",True
NC_028999,998086,Viruses,Pseudomonas phage PhiPA3,"Pseudomonas phage PhiPA3, complete genome",True
NC_022767,1406792,Viruses,Bacillus phage Staley,"Bacillus phage Staley, complete genome",True
NC_026598,1567473,Viruses,Mycobacterium phage Milly,"Mycobacterium phage Milly, complete genome",True
KJ194583,1458713,Viruses,Mycobacterium phage Numberten,"Mycobacterium phage Numberten, complete genome",True
NC_023608,1465618,Viruses,Salmonella phage vB_SenS-Ent2,Salmonella phage vB_SenS-Ent2 complete genome,True
NC_027361,1500812,Viruses,Propionibacterium phage PHL085N00,"Propionibacterium phage PHL085N00, complete genome",True
KX657795,1912976,Viruses,Mycobacterium phage DrHayes,"Mycobacterium phage DrHayes, complete genome",True
MK359338,2502465,Viruses,Mycobacterium phage Amataga,"Mycobacterium phage Amataga, complete genome",True
MH590597,2283304,Viruses,Streptomyces phage LukeCage,"Streptomyces phage LukeCage, complete genome",True
NC_001331,2011081,Viruses,Primolicivirus Pf1,"Pseudomonas phage Pf1, complete genome",True
NC_018851,1229794,Viruses,Propionibacterium phage ATCC29399B_C,"Propionibacterium phage ATCC29399B_C, complete genome",True
NC_021802,1327981,Viruses,Cellulophaga phage phi10:1,"Cellulophaga phage phi10:1, complete genome",True
NC_028762,1636250,Viruses,Proteus phage vB_PmiM_Pm5461,"Proteus phage vB_PmiM_Pm5461, complete genome",True
NC_027396,1566990,Viruses,Streptococcus phage SpSL1,"Streptococcus phage SpSL1, complete genome",True
MH479922,2250399,Viruses,Microbacterium phage Redfield,"Microbacterium phage Redfield, complete genome",True
NC_013152,2898542,Viruses,Lactococcus phage CB14,"Lactococcus phage CB14, complete genome",True
MF140402,2015876,Viruses,Mycobacterium phage Chancellor,"Mycobacterium phage Chancellor, complete genome",True
KR337644,1655019,Viruses,Propionibacterium phage Procrass1,"Propionibacterium phage Procrass1, complete genome",True
NC_028931,1175659,Viruses,Pseudomonas phage PaMx28,"Pseudomonas phage PaMx28, partial genome",True
MH697576,2301547,Viruses,Mycobacterium phage Aggie,"Mycobacterium phage Aggie, complete genome",True
MK359334,2502461,Viruses,Mycobacterium phage Delilah,"Mycobacterium phage Delilah, complete genome",True
MH371113,2250355,Viruses,Mycobacterium phage Beezoo,"Mycobacterium phage Beezoo, complete genome",True
NC_009737,2785079,Viruses,Bacillus phage 1,"Bacillus phage 1, complete genome",True
MG925345,2099625,Viruses,Microbacterium phage Koji,"Microbacterium phage Koji, complete genome",True
NC_026613,1449897,Viruses,Uncultured phage WW-nAnB strain 3,"Uncultured phage WW-nAnB strain 3, complete genome",True
NC_002670,151534,Viruses,Lactococcus phage bIL311,"Lactococcus prophage bIL311, complete genome",True
NC_029048,1582152,Viruses,Clostridium phage phiCD211,"Clostridium phage phiCD211, complete genome",True
KT281790,1698710,Viruses,Mycobacterium phage HyRo,"Mycobacterium phage HyRo, complete genome",True
KX369586,1873891,Viruses,Mycobacterium phage Papez,"Mycobacterium phage Papez, complete genome",True
MK279891,2499068,Viruses,Mycobacterium phage Wallhey,"Mycobacterium phage Wallhey, complete genome",True
KM925136,1567005,Viruses,Mycobacterium phage MiaZeal,"Mycobacterium phage MiaZeal, complete genome",True
MK524509,2530151,Viruses,Mycobacterium phage SpongeBob,"Mycobacterium phage SpongeBob, complete genome",True
MH779511,2315542,Viruses,Mycobacterium phage LilDestine,"Mycobacterium phage LilDestine, complete genome",True
MF919542,2041515,Viruses,Gordonia phage Patio,"Gordonia phage Patio, complete genome",True
KX557274,1887643,Viruses,Gordonia phage CaptainKirk2,"Gordonia phage CaptainKirk2, complete genome",True
MH576976,2283247,Viruses,Gordonia phage Teatealatte,"Gordonia phage Teatealatte, complete genome",True
NC_008575,384360,Viruses,Ralstonia phage RSS1,"Ralstonia phage RSS1, complete genome",True
NC_011104,496874,Viruses,Lactobacillus phage Lrm1,"Lactobacillus phage Lrm1, complete genome",True
MF919518,2041539,Viruses,Mycobacterium phage LilPharaoh,"Mycobacterium phage LilPharaoh, complete genome",True
MH153803,2182354,Viruses,Microbacterium phage Hyperion,"Microbacterium phage Hyperion, complete genome",True
NC_023692,1074309,Viruses,Mycobacterium phage BigNuz,"Mycobacterium phage BigNuz, complete genome",True
MH020242,2126810,Viruses,Mycobacterium phage Misha28,"Mycobacterium phage Misha28, complete genome",True
NC_021793,1327968,Viruses,Cellulophaga phage phi48:2,"Cellulophaga phage phi48:2, complete genome",True
NC_007810,347329,Viruses,Pseudomonas phage F8,"Pseudomonas phage F8, complete genome",True
MF324904,2015831,Viruses,Rhodococcus phage RexFury,"Rhodococcus phage RexFury, complete genome",True
NC_019518,1127518,Viruses,Vibrio phage vB_VchM-138,"Vibrio phage vB_VchM-138, complete genome",True
NC_011019,2914011,Viruses,Mycobacterium phage KBG,"Mycobacterium phage KBG, complete genome",True
NC_028791,1647309,Viruses,Mycobacterium phage MOOREtheMARYer,"Mycobacterium phage MOOREtheMARYer, complete genome",True
NC_025427,1498228,Viruses,Rhizobium phage vB_RleM_PPF1,"Rhizobium phage vB_RleM_PPF1, complete genome",True
NC_015297,926543,Viruses,Ralstonia phage PE226,"Ralstonia phage PE226, complete genome",True
NC_019496,673376,Viruses,Clostridium phage phiCP26F,"Clostridium phage phiCP26F, complete genome",True
MG944225,2099452,Viruses,Mycobacterium phage Xavier,"Mycobacterium phage Xavier, complete genome",True
NC_029081,1654601,Viruses,Pectobacterium phage Peat1,"Pectobacterium phage Peat1, complete genome",True
NC_031071,1862958,Viruses,Lactococcus phage D4410,"Lactococcus phage D4410, complete genome",True
NC_013599,670252,Viruses,Xylella phage Xfas53,"Xylella phage Xfas53, complete genome",True
NC_030911,1838082,Viruses,Gordonia phage Vendetta,"Gordonia phage Vendetta, complete genome",True
KU963253,1821560,Viruses,Gordonia phage Phinally,"Gordonia phage Phinally, complete genome",True
NC_022761,1406783,Viruses,Bacillus phage CampHawk,"Bacillus phage CampHawk, complete genome",True
MH399778,2250380,Viruses,Mycobacterium phage Icee,"Mycobacterium phage Icee, complete genome",True
MG770215,2079282,Viruses,Gordonia phage Troje,"Gordonia phage Troje, complete genome",True
NC_004821,225726,Viruses,Bacillus phage phBC6A52,"Bacillus prophage phBC6A52, complete genome",True
MH153811,2182358,Viruses,Microbacterium phage Teagan,"Microbacterium phage Teagan, complete genome",True
NC_027388,1566995,Viruses,Pseudomonas phage YH6,"Pseudomonas phage YH6, complete genome",True
NC_028960,1718172,Viruses,Mycobacterium phage Theia,"Mycobacterium phage Theia, complete genome",True
NC_021343,1282994,Viruses,Burkholderia phage ST79,"Burkholderia phage ST79, complete genome",True
NC_031925,1857099,Viruses,Salmonella phage BPS11Q3,"Salmonella phage BPS11Q3, complete genome",True
NC_022976,1391180,Viruses,Mycobacterium phage Nala,"Mycobacterium phage Nala, complete genome",True
KU728633,1805457,Viruses,Mycobacterium phage Bipper,"Mycobacterium phage Bipper, complete genome",True
NC_021798,1327972,Viruses,Cellulophaga phage phi17:2,"Cellulophaga phage phi17:2, complete genome",True
NC_019931,1204178,Viruses,Helicobacter phage KHP40,"Helicobacter phage KHP40 DNA, complete genome",True
NC_027299,1526550,Viruses,Sulfitobacter phage NYA-2014a,"Sulfitobacter phage NYA-2014a, complete genome",True
MK016500,2484218,Viruses,Arthrobacter phage Mendel,"Arthrobacter phage Mendel, complete genome",True
MK524491,2530156,Viruses,Mycobacterium phage Whabigail7,"Mycobacterium phage Whabigail7, complete genome",True
MK016496,2484210,Viruses,Mycobacterium phage IrishSherpFalk,"Mycobacterium phage IrishSherpFalk, complete genome",True
MF919531,2041549,Viruses,Mycobacterium phage SnapTap,"Mycobacterium phage SnapTap, complete genome",True
NC_016651,1109717,Viruses,Rhodococcus phage RRH1,"Rhodococcus phage RRH1, complete genome",True
NC_031238,1792253,Viruses,Mycobacterium phage Catalina,"Mycobacterium phage Catalina, complete genome",True
KU716094,1821221,Viruses,Mycobacterium phage Eidsmoe,"Mycobacterium phage Eidsmoe, complete genome",True
MH727550,2301600,Viruses,Corynebacterium phage Juicebox,"Corynebacterium phage Juicebox, complete genome",True
NC_022063,1383055,Viruses,Mycobacterium phage Phelemich,"Mycobacterium phage Phelemich, complete genome",True
NC_006940,293644,Viruses,Salmonella phage SS3e,"Salmonella phage SS3e, complete genome",True
KX557284,1887653,Viruses,Gordonia phage Strosahl,"Gordonia phage Strosahl, complete genome",True
NC_021317,1325963,Viruses,Salmonella phage L13,"Salmonella phage L13, genome",True
NC_009884,300186,Viruses,Deltalipothrixvirus pozzuoliense,"Acidianus filamentous virus 2, complete genome",True
NC_011534,47049,Viruses,Kluyvera phage Kvp1,"Kluyvera phage Kvp1, complete genome",True
NC_024369,1500713,Viruses,Vibrio phage X29,"Vibrio phage X29, complete genome",True
NC_024355,1500386,Viruses,Staphylococcus phage 6ec,"Staphylococcus phage 6ec, complete genome",True
